fishery,management_area,target,crab_year,sex,size,molting,soft,new,old,very_old,unknown,total
TT06,bristol_bay,tanner_crab,2006,male,86,0,0,1,0,0,0,1
TT06,bristol_bay,tanner_crab,2006,male,87,0,0,1,0,0,0,1
TT06,bristol_bay,tanner_crab,2006,male,89,0,0,1,0,0,0,1
TT06,bristol_bay,tanner_crab,2006,male,90,0,0,1,0,0,0,1
TT06,bristol_bay,tanner_crab,2006,male,91,0,0,1,0,0,0,1
TT06,bristol_bay,tanner_crab,2006,male,93,0,0,3,0,0,0,3
TT06,bristol_bay,tanner_crab,2006,male,94,0,0,2,0,0,0,2
TT06,bristol_bay,tanner_crab,2006,male,95,0,0,1,0,0,0,1
TT06,bristol_bay,tanner_crab,2006,male,97,0,0,2,0,0,0,2
TT06,bristol_bay,tanner_crab,2006,male,98,0,0,1,0,0,0,1
TT06,bristol_bay,tanner_crab,2006,male,99,0,0,2,0,0,0,2
TT06,bristol_bay,tanner_crab,2006,male,102,0,0,6,0,0,0,6
TT06,bristol_bay,tanner_crab,2006,male,103,0,0,1,0,0,0,1
TT06,bristol_bay,tanner_crab,2006,male,105,0,0,3,0,0,0,3
TT06,bristol_bay,tanner_crab,2006,male,106,0,0,2,0,0,0,2
TT06,bristol_bay,tanner_crab,2006,male,107,0,0,2,0,0,0,2
TT06,bristol_bay,tanner_crab,2006,male,108,0,0,1,0,0,0,1
TT06,bristol_bay,tanner_crab,2006,male,109,0,0,3,0,0,0,3
TT06,bristol_bay,tanner_crab,2006,male,110,0,0,1,0,0,0,1
TT06,bristol_bay,tanner_crab,2006,male,111,0,0,2,0,0,0,2
TT06,bristol_bay,tanner_crab,2006,male,112,0,0,5,0,0,0,5
TT06,bristol_bay,tanner_crab,2006,male,113,0,0,1,0,0,0,1
TT06,bristol_bay,tanner_crab,2006,male,114,0,0,3,0,0,0,3
TT06,bristol_bay,tanner_crab,2006,male,115,0,0,4,0,0,0,4
TT06,bristol_bay,tanner_crab,2006,male,116,0,0,1,0,0,0,1
TT06,bristol_bay,tanner_crab,2006,male,117,0,0,1,0,0,0,1
TT06,bristol_bay,tanner_crab,2006,male,119,0,0,1,0,0,0,1
TT06,bristol_bay,tanner_crab,2006,male,120,0,0,1,0,0,0,1
TT06,bristol_bay,tanner_crab,2006,male,121,0,0,1,0,0,0,1
TT06,bristol_bay,tanner_crab,2006,male,122,0,0,2,0,0,0,2
TT06,bristol_bay,tanner_crab,2006,male,123,0,0,3,0,0,0,3
TT06,bristol_bay,tanner_crab,2006,male,125,0,0,2,0,0,0,2
TT06,bristol_bay,tanner_crab,2006,male,127,0,0,1,0,0,0,1
TT06,bristol_bay,tanner_crab,2006,male,129,0,0,1,0,0,0,1
TT06,bristol_bay,tanner_crab,2006,male,131,0,0,2,0,0,0,2
TT06,bristol_bay,tanner_crab,2006,male,132,0,0,5,0,0,0,5
TT06,bristol_bay,tanner_crab,2006,male,133,0,0,1,0,0,0,1
TT06,bristol_bay,tanner_crab,2006,male,134,0,0,1,0,0,0,1
TT06,bristol_bay,tanner_crab,2006,male,135,0,0,3,0,0,0,3
TT06,bristol_bay,tanner_crab,2006,male,136,0,0,1,0,0,0,1
TT06,bristol_bay,tanner_crab,2006,male,137,0,0,4,0,0,0,4
TT06,bristol_bay,tanner_crab,2006,male,138,0,0,5,0,0,0,5
TT06,bristol_bay,tanner_crab,2006,male,139,0,0,1,0,0,0,1
TT06,bristol_bay,tanner_crab,2006,male,140,0,0,5,0,0,0,5
TT06,bristol_bay,tanner_crab,2006,male,142,0,0,3,0,0,0,3
TT06,bristol_bay,tanner_crab,2006,male,144,0,0,3,0,0,0,3
TT06,bristol_bay,tanner_crab,2006,male,145,0,0,5,0,0,0,5
TT06,bristol_bay,tanner_crab,2006,male,146,0,0,2,0,0,0,2
TT06,bristol_bay,tanner_crab,2006,male,147,0,0,4,0,0,0,4
TT06,bristol_bay,tanner_crab,2006,male,148,0,0,1,0,0,0,1
TT06,bristol_bay,tanner_crab,2006,male,149,0,0,5,0,0,0,5
TT06,bristol_bay,tanner_crab,2006,male,150,0,0,1,0,0,0,1
TT06,bristol_bay,tanner_crab,2006,male,151,0,0,1,0,0,0,1
TT06,bristol_bay,tanner_crab,2006,male,152,0,0,2,0,0,0,2
TT06,bristol_bay,tanner_crab,2006,male,153,0,0,2,0,0,0,2
TT06,bristol_bay,tanner_crab,2006,male,154,0,0,1,0,0,0,1
TT06,bristol_bay,tanner_crab,2006,male,155,0,0,2,0,0,0,2
TT06,bristol_bay,tanner_crab,2006,male,156,0,0,1,0,0,0,1
TT06,bristol_bay,tanner_crab,2006,male,157,0,0,3,0,0,0,3
TT06,bristol_bay,tanner_crab,2006,male,158,0,0,0,0,1,0,1
TT06,bristol_bay,tanner_crab,2006,male,159,0,0,1,0,0,0,1
TT06,bristol_bay,tanner_crab,2006,male,162,0,0,1,0,0,0,1
TT06,bristol_bay,tanner_crab,2006,male,164,0,0,1,0,0,0,1
TT06,bristol_bay,tanner_crab,2006,male,165,0,0,1,0,1,0,2
TT06,bristol_bay,tanner_crab,2006,male,167,0,0,1,0,0,0,1
TT06,bristol_bay,tanner_crab,2006,male,170,0,0,1,0,0,0,1
TT06,bristol_bay,tanner_crab,2006,female,83,0,0,1,0,0,0,1
TT06,bristol_bay,tanner_crab,2006,female,110,0,0,1,0,0,0,1
TT06,bristol_bay,tanner_crab,2006,female,112,0,0,1,0,0,0,1
TT06,bristol_bay,tanner_crab,2006,female,116,0,0,1,0,0,0,1
TT07,bristol_bay,tanner_crab,2007,male,109,0,0,1,0,0,0,1
TT07,bristol_bay,tanner_crab,2007,male,110,0,0,1,0,0,0,1
TT07,bristol_bay,tanner_crab,2007,male,115,0,0,1,0,0,0,1
TT07,bristol_bay,tanner_crab,2007,male,118,0,0,1,0,0,0,1
TT07,bristol_bay,tanner_crab,2007,male,129,0,0,1,0,0,0,1
TT07,bristol_bay,tanner_crab,2007,female,94,0,0,1,0,0,0,1
TT07,bristol_bay,tanner_crab,2007,female,95,0,0,1,0,0,0,1
TT07,bristol_bay,tanner_crab,2007,female,96,0,0,2,0,0,0,2
TT07,bristol_bay,tanner_crab,2007,female,97,0,0,2,0,0,0,2
TT07,bristol_bay,tanner_crab,2007,female,98,0,0,2,0,0,0,2
TT07,bristol_bay,tanner_crab,2007,female,99,0,0,2,0,0,0,2
TT07,bristol_bay,tanner_crab,2007,female,100,0,0,2,0,0,0,2
TT07,bristol_bay,tanner_crab,2007,female,101,0,0,4,0,0,0,4
TT07,bristol_bay,tanner_crab,2007,female,102,0,0,3,0,0,0,3
TT07,bristol_bay,tanner_crab,2007,female,103,0,0,2,0,0,0,2
TT07,bristol_bay,tanner_crab,2007,female,104,0,0,1,0,0,0,1
TT07,bristol_bay,tanner_crab,2007,female,105,0,0,3,0,0,0,3
TT07,bristol_bay,tanner_crab,2007,female,106,0,0,4,0,0,0,4
TT07,bristol_bay,tanner_crab,2007,female,107,0,0,1,0,0,0,1
TT07,bristol_bay,tanner_crab,2007,female,108,0,0,2,0,0,0,2
TT07,bristol_bay,tanner_crab,2007,female,109,0,0,3,0,0,0,3
TT07,bristol_bay,tanner_crab,2007,female,110,0,0,1,0,0,0,1
TT07,bristol_bay,tanner_crab,2007,female,111,0,0,2,0,0,0,2
TT07,bristol_bay,tanner_crab,2007,female,112,0,0,2,0,0,0,2
TT07,bristol_bay,tanner_crab,2007,female,113,0,0,1,0,0,0,1
TT07,bristol_bay,tanner_crab,2007,female,114,0,0,1,0,0,0,1
TT07,bristol_bay,tanner_crab,2007,female,115,0,0,1,0,0,0,1
TT07,bristol_bay,tanner_crab,2007,female,117,0,0,1,0,0,0,1
TT07,bristol_bay,tanner_crab,2007,female,118,0,0,2,0,0,0,2
TT07,bristol_bay,tanner_crab,2007,female,121,0,0,1,0,0,0,1
TT07,bristol_bay,tanner_crab,2007,female,122,0,0,1,0,0,0,1
TT08,bristol_bay,tanner_crab,2008,male,96,0,0,1,0,0,0,1
TT08,bristol_bay,tanner_crab,2008,male,104,0,0,2,0,0,0,2
TT08,bristol_bay,tanner_crab,2008,male,106,0,0,1,0,0,0,1
TT08,bristol_bay,tanner_crab,2008,male,107,0,0,1,0,0,0,1
TT08,bristol_bay,tanner_crab,2008,male,108,0,0,2,0,0,0,2
TT08,bristol_bay,tanner_crab,2008,male,110,0,0,1,0,0,0,1
TT08,bristol_bay,tanner_crab,2008,male,111,0,0,2,0,0,0,2
TT08,bristol_bay,tanner_crab,2008,male,112,0,0,6,0,0,0,6
TT08,bristol_bay,tanner_crab,2008,male,113,0,0,2,0,0,0,2
TT08,bristol_bay,tanner_crab,2008,male,114,0,0,2,0,0,0,2
TT08,bristol_bay,tanner_crab,2008,male,115,0,0,4,0,0,0,4
TT08,bristol_bay,tanner_crab,2008,male,116,0,0,2,0,0,0,2
TT08,bristol_bay,tanner_crab,2008,male,117,0,0,4,0,0,0,4
TT08,bristol_bay,tanner_crab,2008,male,118,0,0,4,0,0,0,4
TT08,bristol_bay,tanner_crab,2008,male,119,0,0,3,0,0,0,3
TT08,bristol_bay,tanner_crab,2008,male,120,0,0,1,0,0,0,1
TT08,bristol_bay,tanner_crab,2008,male,121,0,0,5,0,0,0,5
TT08,bristol_bay,tanner_crab,2008,male,122,0,0,1,0,0,0,1
TT08,bristol_bay,tanner_crab,2008,male,123,0,0,1,0,0,0,1
TT08,bristol_bay,tanner_crab,2008,male,124,0,0,1,0,0,0,1
TT08,bristol_bay,tanner_crab,2008,male,125,0,0,4,1,0,0,5
TT08,bristol_bay,tanner_crab,2008,male,126,0,0,0,1,0,0,1
TT08,bristol_bay,tanner_crab,2008,male,127,0,0,3,3,0,0,6
TT08,bristol_bay,tanner_crab,2008,male,128,0,0,1,0,0,0,1
TT08,bristol_bay,tanner_crab,2008,male,132,0,0,1,1,0,0,2
TT08,bristol_bay,tanner_crab,2008,male,133,0,0,1,2,0,0,3
TT08,bristol_bay,tanner_crab,2008,male,136,0,0,1,0,0,0,1
TT08,bristol_bay,tanner_crab,2008,male,137,0,0,1,0,0,0,1
TT08,bristol_bay,tanner_crab,2008,male,139,0,0,2,0,0,0,2
TT08,bristol_bay,tanner_crab,2008,male,149,0,0,1,0,0,0,1
TT08,bristol_bay,tanner_crab,2008,male,154,0,0,0,0,0,1,1
TT08,bristol_bay,tanner_crab,2008,male,168,0,0,2,0,0,0,2
TT08,bristol_bay,tanner_crab,2008,female,93,0,0,1,0,0,0,1
TT08,bristol_bay,tanner_crab,2008,female,99,0,0,1,0,0,0,1
TT08,bristol_bay,tanner_crab,2008,female,102,0,0,1,0,0,0,1
TT08,bristol_bay,tanner_crab,2008,female,104,0,0,1,0,0,0,1
TT08,bristol_bay,tanner_crab,2008,female,105,0,0,2,0,0,0,2
TT08,bristol_bay,tanner_crab,2008,female,107,0,0,2,0,0,0,2
TT08,bristol_bay,tanner_crab,2008,female,108,0,0,5,0,0,0,5
TT08,bristol_bay,tanner_crab,2008,female,110,0,0,1,0,0,0,1
TT08,bristol_bay,tanner_crab,2008,female,111,0,0,2,0,0,0,2
TT08,bristol_bay,tanner_crab,2008,female,112,0,0,3,0,0,0,3
TT08,bristol_bay,tanner_crab,2008,female,113,0,0,1,0,0,0,1
TT08,bristol_bay,tanner_crab,2008,female,114,0,0,1,0,0,0,1
TT08,bristol_bay,tanner_crab,2008,female,115,0,0,0,1,0,0,1
TT08,bristol_bay,tanner_crab,2008,female,116,0,0,2,1,0,0,3
TT08,bristol_bay,tanner_crab,2008,female,117,0,0,3,0,0,0,3
TT08,bristol_bay,tanner_crab,2008,female,119,0,0,1,0,0,0,1
TT08,bristol_bay,tanner_crab,2008,female,120,0,0,4,0,0,0,4
TT08,bristol_bay,tanner_crab,2008,female,121,0,0,5,0,0,0,5
TT08,bristol_bay,tanner_crab,2008,female,122,0,0,2,0,0,0,2
TT08,bristol_bay,tanner_crab,2008,female,124,0,0,3,0,0,0,3
TT08,bristol_bay,tanner_crab,2008,female,125,0,0,4,0,0,0,4
TT08,bristol_bay,tanner_crab,2008,female,126,0,0,3,0,0,0,3
TT08,bristol_bay,tanner_crab,2008,female,127,0,0,3,0,0,0,3
TT08,bristol_bay,tanner_crab,2008,female,128,0,0,1,0,0,0,1
TT08,bristol_bay,tanner_crab,2008,female,129,0,0,3,0,0,0,3
TT08,bristol_bay,tanner_crab,2008,female,131,0,0,3,0,0,0,3
TT08,bristol_bay,tanner_crab,2008,female,132,0,0,1,0,0,0,1
TT08,bristol_bay,tanner_crab,2008,female,133,0,0,1,0,0,0,1
TT08,bristol_bay,tanner_crab,2008,female,134,0,0,2,0,0,0,2
TT08,bristol_bay,tanner_crab,2008,female,135,0,0,2,0,0,0,2
TT08,bristol_bay,tanner_crab,2008,female,136,0,0,1,0,0,0,1
TT08,bristol_bay,tanner_crab,2008,female,138,0,0,1,0,0,0,1
TT08,bristol_bay,tanner_crab,2008,female,139,0,0,2,0,0,0,2
TT08,bristol_bay,tanner_crab,2008,female,141,0,0,0,1,0,0,1
TT08,bristol_bay,tanner_crab,2008,female,143,0,0,1,0,0,0,1
TT08,bristol_bay,tanner_crab,2008,female,144,0,0,1,0,0,0,1
TT09,bristol_bay,tanner_crab,2009,male,102,0,0,1,0,0,0,1
TT09,bristol_bay,tanner_crab,2009,male,106,0,0,1,0,0,0,1
TT09,bristol_bay,tanner_crab,2009,male,107,0,0,1,0,0,0,1
TT09,bristol_bay,tanner_crab,2009,male,109,0,0,1,0,0,0,1
TT09,bristol_bay,tanner_crab,2009,male,111,0,0,2,0,0,0,2
TT09,bristol_bay,tanner_crab,2009,male,114,0,0,2,0,0,0,2
TT09,bristol_bay,tanner_crab,2009,male,115,0,0,2,0,0,0,2
TT09,bristol_bay,tanner_crab,2009,male,118,0,0,1,0,0,0,1
TT09,bristol_bay,tanner_crab,2009,male,120,0,0,3,0,0,0,3
TT09,bristol_bay,tanner_crab,2009,male,121,0,0,1,0,0,0,1
TT09,bristol_bay,tanner_crab,2009,male,122,0,0,2,0,0,0,2
TT09,bristol_bay,tanner_crab,2009,male,123,0,0,1,0,0,0,1
TT09,bristol_bay,tanner_crab,2009,male,125,0,0,2,0,0,0,2
TT09,bristol_bay,tanner_crab,2009,male,126,0,0,1,0,0,0,1
TT09,bristol_bay,tanner_crab,2009,male,127,0,0,3,0,0,0,3
TT09,bristol_bay,tanner_crab,2009,male,129,0,0,4,0,0,0,4
TT09,bristol_bay,tanner_crab,2009,male,130,0,0,2,0,0,0,2
TT09,bristol_bay,tanner_crab,2009,male,131,0,0,1,0,0,0,1
TT09,bristol_bay,tanner_crab,2009,male,133,0,0,1,0,0,0,1
TT09,bristol_bay,tanner_crab,2009,male,134,0,0,2,0,0,0,2
TT09,bristol_bay,tanner_crab,2009,male,136,0,0,2,0,0,0,2
TT09,bristol_bay,tanner_crab,2009,male,137,0,0,4,0,0,0,4
TT09,bristol_bay,tanner_crab,2009,male,138,0,0,5,0,0,0,5
TT09,bristol_bay,tanner_crab,2009,male,139,0,0,1,0,0,0,1
TT09,bristol_bay,tanner_crab,2009,male,140,0,0,4,0,0,0,4
TT09,bristol_bay,tanner_crab,2009,male,141,0,0,3,0,0,0,3
TT09,bristol_bay,tanner_crab,2009,male,142,0,0,2,0,0,0,2
TT09,bristol_bay,tanner_crab,2009,male,144,0,0,3,0,0,0,3
TT09,bristol_bay,tanner_crab,2009,male,146,0,0,1,0,0,0,1
TT09,bristol_bay,tanner_crab,2009,male,147,0,0,2,0,0,0,2
TT09,bristol_bay,tanner_crab,2009,male,148,0,0,1,0,0,0,1
TT09,bristol_bay,tanner_crab,2009,male,149,0,0,4,0,0,0,4
TT09,bristol_bay,tanner_crab,2009,male,154,0,0,1,0,0,0,1
TT09,bristol_bay,tanner_crab,2009,male,168,0,0,1,0,0,0,1
TT09,bristol_bay,tanner_crab,2009,female,96,0,0,1,0,0,0,1
TT09,bristol_bay,tanner_crab,2009,female,99,0,0,2,0,0,0,2
TT09,bristol_bay,tanner_crab,2009,female,101,0,0,4,0,0,0,4
TT09,bristol_bay,tanner_crab,2009,female,103,0,0,5,0,0,0,5
TT09,bristol_bay,tanner_crab,2009,female,104,0,0,3,0,0,0,3
TT09,bristol_bay,tanner_crab,2009,female,105,0,0,2,0,0,0,2
TT09,bristol_bay,tanner_crab,2009,female,106,0,0,2,0,0,0,2
TT09,bristol_bay,tanner_crab,2009,female,107,0,0,1,0,0,0,1
TT09,bristol_bay,tanner_crab,2009,female,108,0,0,6,0,0,0,6
TT09,bristol_bay,tanner_crab,2009,female,109,0,0,2,0,0,0,2
TT09,bristol_bay,tanner_crab,2009,female,110,0,0,1,0,0,0,1
TT09,bristol_bay,tanner_crab,2009,female,111,0,0,2,0,0,0,2
TT09,bristol_bay,tanner_crab,2009,female,112,0,0,2,0,0,0,2
TT09,bristol_bay,tanner_crab,2009,female,113,0,0,3,0,0,0,3
TT09,bristol_bay,tanner_crab,2009,female,114,0,0,2,0,0,0,2
TT09,bristol_bay,tanner_crab,2009,female,117,0,0,3,0,0,0,3
TT09,bristol_bay,tanner_crab,2009,female,118,0,0,5,0,0,0,5
TT09,bristol_bay,tanner_crab,2009,female,119,0,0,3,0,0,0,3
TT09,bristol_bay,tanner_crab,2009,female,120,0,0,5,0,0,0,5
TT09,bristol_bay,tanner_crab,2009,female,121,0,0,6,0,0,0,6
TT09,bristol_bay,tanner_crab,2009,female,122,0,0,9,0,0,0,9
TT09,bristol_bay,tanner_crab,2009,female,123,0,0,5,0,0,0,5
TT09,bristol_bay,tanner_crab,2009,female,124,0,0,6,0,0,0,6
TT09,bristol_bay,tanner_crab,2009,female,125,0,0,2,0,0,0,2
TT09,bristol_bay,tanner_crab,2009,female,126,0,0,4,0,0,0,4
TT09,bristol_bay,tanner_crab,2009,female,127,0,0,2,0,0,0,2
TT09,bristol_bay,tanner_crab,2009,female,128,0,0,7,0,0,0,7
TT09,bristol_bay,tanner_crab,2009,female,129,0,0,6,0,0,0,6
TT09,bristol_bay,tanner_crab,2009,female,130,0,0,4,0,0,0,4
TT09,bristol_bay,tanner_crab,2009,female,131,0,0,3,0,0,0,3
TT09,bristol_bay,tanner_crab,2009,female,132,0,0,2,0,0,0,2
TT09,bristol_bay,tanner_crab,2009,female,133,0,0,1,0,0,0,1
TT09,bristol_bay,tanner_crab,2009,female,134,0,0,2,0,0,0,2
TT09,bristol_bay,tanner_crab,2009,female,135,0,0,4,0,0,0,4
TT09,bristol_bay,tanner_crab,2009,female,136,0,0,1,0,0,0,1
TT09,bristol_bay,tanner_crab,2009,female,137,0,0,1,0,0,0,1
TT09,bristol_bay,tanner_crab,2009,female,138,0,0,1,0,0,0,1
TT09,bristol_bay,tanner_crab,2009,female,139,0,0,1,0,0,0,1
TT09,bristol_bay,tanner_crab,2009,female,140,0,0,1,0,0,0,1
TT09,bristol_bay,tanner_crab,2009,female,145,0,0,2,0,0,0,2
TT09,bristol_bay,tanner_crab,2009,female,150,0,0,1,0,0,0,1
TT13,bristol_bay,tanner_crab,2013,male,74,0,0,1,0,0,0,1
TT13,bristol_bay,tanner_crab,2013,male,90,0,0,2,0,0,0,2
TT13,bristol_bay,tanner_crab,2013,male,91,0,0,1,0,0,0,1
TT13,bristol_bay,tanner_crab,2013,male,93,0,0,2,0,0,0,2
TT13,bristol_bay,tanner_crab,2013,male,94,0,0,2,0,0,0,2
TT13,bristol_bay,tanner_crab,2013,male,96,0,0,2,0,0,0,2
TT13,bristol_bay,tanner_crab,2013,male,97,0,0,1,0,0,0,1
TT13,bristol_bay,tanner_crab,2013,male,98,0,0,2,0,0,0,2
TT13,bristol_bay,tanner_crab,2013,male,99,0,0,1,0,0,0,1
TT13,bristol_bay,tanner_crab,2013,male,100,0,0,3,0,0,0,3
TT13,bristol_bay,tanner_crab,2013,male,102,0,0,5,0,0,0,5
TT13,bristol_bay,tanner_crab,2013,male,103,0,0,2,0,0,0,2
TT13,bristol_bay,tanner_crab,2013,male,104,0,0,1,0,0,0,1
TT13,bristol_bay,tanner_crab,2013,male,105,0,0,8,0,0,0,8
TT13,bristol_bay,tanner_crab,2013,male,106,0,0,1,0,0,0,1
TT13,bristol_bay,tanner_crab,2013,male,107,0,0,2,0,0,0,2
TT13,bristol_bay,tanner_crab,2013,male,108,0,0,3,0,0,0,3
TT13,bristol_bay,tanner_crab,2013,male,109,0,0,1,0,0,0,1
TT13,bristol_bay,tanner_crab,2013,male,110,0,0,8,0,0,0,8
TT13,bristol_bay,tanner_crab,2013,male,111,0,0,6,0,0,0,6
TT13,bristol_bay,tanner_crab,2013,male,112,0,0,4,1,0,0,5
TT13,bristol_bay,tanner_crab,2013,male,113,0,0,4,0,0,0,4
TT13,bristol_bay,tanner_crab,2013,male,114,0,0,9,0,0,0,9
TT13,bristol_bay,tanner_crab,2013,male,115,0,0,7,0,0,0,7
TT13,bristol_bay,tanner_crab,2013,male,116,0,0,2,0,0,0,2
TT13,bristol_bay,tanner_crab,2013,male,117,0,0,2,0,0,0,2
TT13,bristol_bay,tanner_crab,2013,male,118,0,0,3,0,0,0,3
TT13,bristol_bay,tanner_crab,2013,male,119,0,0,2,0,0,0,2
TT13,bristol_bay,tanner_crab,2013,male,120,0,0,2,1,0,0,3
TT13,bristol_bay,tanner_crab,2013,male,121,0,0,4,1,0,0,5
TT13,bristol_bay,tanner_crab,2013,male,122,0,0,3,1,0,0,4
TT13,bristol_bay,tanner_crab,2013,male,123,0,0,3,0,0,0,3
TT13,bristol_bay,tanner_crab,2013,male,124,0,0,9,0,0,0,9
TT13,bristol_bay,tanner_crab,2013,male,125,0,0,5,0,0,0,5
TT13,bristol_bay,tanner_crab,2013,male,126,0,0,2,1,0,0,3
TT13,bristol_bay,tanner_crab,2013,male,127,0,0,4,1,0,0,5
TT13,bristol_bay,tanner_crab,2013,male,129,0,0,1,0,0,0,1
TT13,bristol_bay,tanner_crab,2013,male,130,0,0,4,0,0,0,4
TT13,bristol_bay,tanner_crab,2013,male,131,0,0,4,1,0,0,5
TT13,bristol_bay,tanner_crab,2013,male,133,0,0,3,1,0,0,4
TT13,bristol_bay,tanner_crab,2013,male,134,0,0,1,2,0,0,3
TT13,bristol_bay,tanner_crab,2013,male,135,0,0,2,0,0,0,2
TT13,bristol_bay,tanner_crab,2013,male,137,0,0,2,0,0,0,2
TT13,bristol_bay,tanner_crab,2013,male,138,0,0,2,0,0,0,2
TT13,bristol_bay,tanner_crab,2013,male,139,0,0,1,0,0,0,1
TT13,bristol_bay,tanner_crab,2013,male,140,0,0,2,0,0,0,2
TT13,bristol_bay,tanner_crab,2013,male,141,0,0,3,1,0,0,4
TT13,bristol_bay,tanner_crab,2013,male,142,0,0,2,1,0,0,3
TT13,bristol_bay,tanner_crab,2013,male,143,0,0,3,0,0,0,3
TT13,bristol_bay,tanner_crab,2013,male,144,0,0,5,1,0,0,6
TT13,bristol_bay,tanner_crab,2013,male,145,0,0,4,1,0,0,5
TT13,bristol_bay,tanner_crab,2013,male,146,0,0,3,0,0,0,3
TT13,bristol_bay,tanner_crab,2013,male,147,0,0,0,1,0,0,1
TT13,bristol_bay,tanner_crab,2013,male,148,0,0,1,0,0,0,1
TT13,bristol_bay,tanner_crab,2013,male,150,0,0,3,0,0,0,3
TT13,bristol_bay,tanner_crab,2013,male,151,0,0,2,0,0,0,2
TT13,bristol_bay,tanner_crab,2013,male,153,0,0,1,1,0,0,2
TT13,bristol_bay,tanner_crab,2013,male,154,0,0,1,0,0,0,1
TT13,bristol_bay,tanner_crab,2013,male,155,0,0,0,1,0,0,1
TT13,bristol_bay,tanner_crab,2013,male,156,0,0,4,0,0,0,4
TT13,bristol_bay,tanner_crab,2013,male,158,0,0,1,0,0,0,1
TT13,bristol_bay,tanner_crab,2013,male,159,0,0,5,0,0,0,5
TT13,bristol_bay,tanner_crab,2013,male,160,0,0,2,0,0,0,2
TT13,bristol_bay,tanner_crab,2013,male,162,0,0,1,2,0,0,3
TT13,bristol_bay,tanner_crab,2013,male,164,0,0,1,1,0,0,2
TT13,bristol_bay,tanner_crab,2013,male,165,0,0,0,0,1,0,1
TT13,bristol_bay,tanner_crab,2013,male,166,0,0,2,0,0,0,2
TT13,bristol_bay,tanner_crab,2013,male,167,0,0,1,1,0,0,2
TT13,bristol_bay,tanner_crab,2013,male,168,0,0,1,0,0,0,1
TT13,bristol_bay,tanner_crab,2013,male,169,0,0,1,0,0,0,1
TT13,bristol_bay,tanner_crab,2013,male,170,0,0,1,1,0,0,2
TT13,bristol_bay,tanner_crab,2013,male,175,0,0,2,0,0,0,2
TT13,bristol_bay,tanner_crab,2013,male,176,0,0,2,0,0,0,2
TT13,bristol_bay,tanner_crab,2013,male,178,0,0,0,1,0,0,1
TT13,bristol_bay,tanner_crab,2013,male,188,0,0,0,0,1,0,1
TT13,bristol_bay,tanner_crab,2013,female,90,0,0,1,0,0,0,1
TT13,bristol_bay,tanner_crab,2013,female,91,0,0,1,0,0,0,1
TT13,bristol_bay,tanner_crab,2013,female,92,0,0,3,0,0,0,3
TT13,bristol_bay,tanner_crab,2013,female,93,0,0,4,0,0,0,4
TT13,bristol_bay,tanner_crab,2013,female,94,0,0,9,0,0,0,9
TT13,bristol_bay,tanner_crab,2013,female,95,0,0,4,0,0,0,4
TT13,bristol_bay,tanner_crab,2013,female,96,0,0,6,0,0,0,6
TT13,bristol_bay,tanner_crab,2013,female,97,0,0,9,0,0,0,9
TT13,bristol_bay,tanner_crab,2013,female,98,0,0,7,0,0,0,7
TT13,bristol_bay,tanner_crab,2013,female,99,0,0,15,0,0,0,15
TT13,bristol_bay,tanner_crab,2013,female,100,0,0,24,0,0,0,24
TT13,bristol_bay,tanner_crab,2013,female,101,0,0,30,0,0,0,30
TT13,bristol_bay,tanner_crab,2013,female,102,0,0,34,0,0,0,34
TT13,bristol_bay,tanner_crab,2013,female,103,0,0,26,0,0,0,26
TT13,bristol_bay,tanner_crab,2013,female,104,0,0,33,0,0,0,33
TT13,bristol_bay,tanner_crab,2013,female,105,0,0,27,0,0,0,27
TT13,bristol_bay,tanner_crab,2013,female,106,0,0,21,0,0,0,21
TT13,bristol_bay,tanner_crab,2013,female,107,0,0,20,0,0,0,20
TT13,bristol_bay,tanner_crab,2013,female,108,0,0,27,0,0,0,27
TT13,bristol_bay,tanner_crab,2013,female,109,0,0,22,0,0,0,22
TT13,bristol_bay,tanner_crab,2013,female,110,0,0,8,0,0,0,8
TT13,bristol_bay,tanner_crab,2013,female,111,0,0,17,0,0,0,17
TT13,bristol_bay,tanner_crab,2013,female,112,0,0,16,0,0,0,16
TT13,bristol_bay,tanner_crab,2013,female,113,0,0,8,0,0,0,8
TT13,bristol_bay,tanner_crab,2013,female,114,0,0,14,0,0,0,14
TT13,bristol_bay,tanner_crab,2013,female,115,0,0,10,0,0,0,10
TT13,bristol_bay,tanner_crab,2013,female,116,0,0,6,0,0,0,6
TT13,bristol_bay,tanner_crab,2013,female,117,0,0,8,0,0,0,8
TT13,bristol_bay,tanner_crab,2013,female,118,0,0,5,0,0,0,5
TT13,bristol_bay,tanner_crab,2013,female,119,0,0,9,0,0,0,9
TT13,bristol_bay,tanner_crab,2013,female,120,0,0,9,0,0,0,9
TT13,bristol_bay,tanner_crab,2013,female,121,0,0,14,0,0,0,14
TT13,bristol_bay,tanner_crab,2013,female,122,0,0,7,0,0,0,7
TT13,bristol_bay,tanner_crab,2013,female,123,0,0,11,0,0,0,11
TT13,bristol_bay,tanner_crab,2013,female,124,0,0,4,0,0,0,4
TT13,bristol_bay,tanner_crab,2013,female,125,0,0,8,0,0,0,8
TT13,bristol_bay,tanner_crab,2013,female,126,0,0,5,0,0,0,5
TT13,bristol_bay,tanner_crab,2013,female,127,0,0,5,0,0,0,5
TT13,bristol_bay,tanner_crab,2013,female,128,0,0,6,0,0,0,6
TT13,bristol_bay,tanner_crab,2013,female,129,0,0,6,0,0,0,6
TT13,bristol_bay,tanner_crab,2013,female,130,0,0,19,0,0,0,19
TT13,bristol_bay,tanner_crab,2013,female,131,0,0,14,0,0,0,14
TT13,bristol_bay,tanner_crab,2013,female,132,0,0,6,0,0,0,6
TT13,bristol_bay,tanner_crab,2013,female,133,0,0,4,0,0,0,4
TT13,bristol_bay,tanner_crab,2013,female,134,0,0,10,0,0,0,10
TT13,bristol_bay,tanner_crab,2013,female,135,0,0,9,0,0,0,9
TT13,bristol_bay,tanner_crab,2013,female,136,0,0,3,0,0,0,3
TT13,bristol_bay,tanner_crab,2013,female,137,0,0,2,0,0,0,2
TT13,bristol_bay,tanner_crab,2013,female,138,0,0,1,0,0,0,1
TT13,bristol_bay,tanner_crab,2013,female,139,0,0,4,0,0,0,4
TT13,bristol_bay,tanner_crab,2013,female,140,0,0,3,0,0,0,3
TT13,bristol_bay,tanner_crab,2013,female,141,0,0,3,0,0,0,3
TT13,bristol_bay,tanner_crab,2013,female,143,0,0,3,0,0,0,3
TT13,bristol_bay,tanner_crab,2013,female,144,0,0,2,0,0,0,2
TT13,bristol_bay,tanner_crab,2013,female,145,0,0,2,0,0,0,2
TT13,bristol_bay,tanner_crab,2013,female,146,0,0,3,0,0,0,3
TT13,bristol_bay,tanner_crab,2013,female,147,0,0,2,0,0,0,2
TT13,bristol_bay,tanner_crab,2013,female,151,0,0,2,0,0,0,2
TT13,bristol_bay,tanner_crab,2013,female,152,0,0,2,0,0,0,2
TT13,bristol_bay,tanner_crab,2013,female,153,0,0,1,0,0,0,1
TT13,bristol_bay,tanner_crab,2013,female,154,0,0,1,0,0,0,1
TT13,bristol_bay,tanner_crab,2013,female,155,0,0,1,0,0,0,1
TT14,bristol_bay,tanner_crab,2014,male,79,0,0,1,0,0,0,1
TT14,bristol_bay,tanner_crab,2014,male,86,0,0,2,0,0,0,2
TT14,bristol_bay,tanner_crab,2014,male,87,0,0,1,0,0,0,1
TT14,bristol_bay,tanner_crab,2014,male,88,0,0,1,0,0,0,1
TT14,bristol_bay,tanner_crab,2014,male,89,0,0,1,0,0,0,1
TT14,bristol_bay,tanner_crab,2014,male,90,0,0,1,0,0,0,1
TT14,bristol_bay,tanner_crab,2014,male,91,0,0,1,0,0,0,1
TT14,bristol_bay,tanner_crab,2014,male,92,0,0,2,0,0,0,2
TT14,bristol_bay,tanner_crab,2014,male,94,0,0,1,0,0,0,1
TT14,bristol_bay,tanner_crab,2014,male,96,0,0,1,0,0,0,1
TT14,bristol_bay,tanner_crab,2014,male,97,0,0,2,0,0,0,2
TT14,bristol_bay,tanner_crab,2014,male,98,0,0,3,0,0,0,3
TT14,bristol_bay,tanner_crab,2014,male,99,0,0,2,0,0,0,2
TT14,bristol_bay,tanner_crab,2014,male,100,0,0,2,0,0,0,2
TT14,bristol_bay,tanner_crab,2014,male,101,0,0,2,0,0,0,2
TT14,bristol_bay,tanner_crab,2014,male,102,0,0,3,0,0,0,3
TT14,bristol_bay,tanner_crab,2014,male,103,0,0,1,1,0,0,2
TT14,bristol_bay,tanner_crab,2014,male,104,0,0,3,0,0,0,3
TT14,bristol_bay,tanner_crab,2014,male,105,0,0,2,1,0,0,3
TT14,bristol_bay,tanner_crab,2014,male,107,0,0,3,0,0,0,3
TT14,bristol_bay,tanner_crab,2014,male,108,0,0,2,0,0,0,2
TT14,bristol_bay,tanner_crab,2014,male,109,0,0,2,0,0,0,2
TT14,bristol_bay,tanner_crab,2014,male,110,0,0,5,0,0,0,5
TT14,bristol_bay,tanner_crab,2014,male,111,0,0,4,0,0,0,4
TT14,bristol_bay,tanner_crab,2014,male,112,0,0,5,0,0,0,5
TT14,bristol_bay,tanner_crab,2014,male,113,0,0,2,0,0,0,2
TT14,bristol_bay,tanner_crab,2014,male,114,0,0,4,0,0,0,4
TT14,bristol_bay,tanner_crab,2014,male,115,0,0,5,1,0,0,6
TT14,bristol_bay,tanner_crab,2014,male,116,0,0,1,0,0,0,1
TT14,bristol_bay,tanner_crab,2014,male,117,0,0,2,0,0,0,2
TT14,bristol_bay,tanner_crab,2014,male,118,0,0,3,0,0,0,3
TT14,bristol_bay,tanner_crab,2014,male,119,0,0,2,0,0,0,2
TT14,bristol_bay,tanner_crab,2014,male,120,0,0,1,0,0,0,1
TT14,bristol_bay,tanner_crab,2014,male,121,0,0,3,2,0,0,5
TT14,bristol_bay,tanner_crab,2014,male,122,0,0,3,0,0,0,3
TT14,bristol_bay,tanner_crab,2014,male,123,0,0,4,0,0,0,4
TT14,bristol_bay,tanner_crab,2014,male,124,0,0,4,0,0,0,4
TT14,bristol_bay,tanner_crab,2014,male,125,0,0,4,0,0,0,4
TT14,bristol_bay,tanner_crab,2014,male,126,0,0,3,0,0,0,3
TT14,bristol_bay,tanner_crab,2014,male,127,0,0,4,0,0,0,4
TT14,bristol_bay,tanner_crab,2014,male,128,0,0,3,0,0,0,3
TT14,bristol_bay,tanner_crab,2014,male,129,0,0,6,0,0,0,6
TT14,bristol_bay,tanner_crab,2014,male,130,0,0,5,0,0,0,5
TT14,bristol_bay,tanner_crab,2014,male,131,0,0,4,0,0,0,4
TT14,bristol_bay,tanner_crab,2014,male,132,0,0,5,1,0,0,6
TT14,bristol_bay,tanner_crab,2014,male,133,0,0,6,0,0,0,6
TT14,bristol_bay,tanner_crab,2014,male,134,0,0,5,0,0,0,5
TT14,bristol_bay,tanner_crab,2014,male,135,0,0,6,0,0,0,6
TT14,bristol_bay,tanner_crab,2014,male,136,0,0,5,0,0,0,5
TT14,bristol_bay,tanner_crab,2014,male,137,0,0,6,0,0,0,6
TT14,bristol_bay,tanner_crab,2014,male,138,0,0,5,0,0,0,5
TT14,bristol_bay,tanner_crab,2014,male,139,0,0,4,0,0,0,4
TT14,bristol_bay,tanner_crab,2014,male,140,0,0,1,0,0,0,1
TT14,bristol_bay,tanner_crab,2014,male,141,0,0,3,0,0,0,3
TT14,bristol_bay,tanner_crab,2014,male,142,0,0,3,0,0,0,3
TT14,bristol_bay,tanner_crab,2014,male,143,0,0,5,0,0,0,5
TT14,bristol_bay,tanner_crab,2014,male,144,0,0,4,0,0,0,4
TT14,bristol_bay,tanner_crab,2014,male,145,0,0,4,2,1,0,7
TT14,bristol_bay,tanner_crab,2014,male,146,0,0,3,0,1,0,4
TT14,bristol_bay,tanner_crab,2014,male,147,0,0,4,0,1,0,5
TT14,bristol_bay,tanner_crab,2014,male,148,0,0,3,0,0,0,3
TT14,bristol_bay,tanner_crab,2014,male,149,0,0,2,1,0,0,3
TT14,bristol_bay,tanner_crab,2014,male,150,0,0,1,0,0,0,1
TT14,bristol_bay,tanner_crab,2014,male,151,0,0,3,0,0,0,3
TT14,bristol_bay,tanner_crab,2014,male,152,0,0,3,1,1,0,5
TT14,bristol_bay,tanner_crab,2014,male,153,0,0,2,1,0,0,3
TT14,bristol_bay,tanner_crab,2014,male,154,0,0,4,0,0,0,4
TT14,bristol_bay,tanner_crab,2014,male,156,0,0,4,0,0,0,4
TT14,bristol_bay,tanner_crab,2014,male,157,0,0,4,0,0,0,4
TT14,bristol_bay,tanner_crab,2014,male,158,0,0,3,0,0,0,3
TT14,bristol_bay,tanner_crab,2014,male,160,0,0,2,2,1,0,5
TT14,bristol_bay,tanner_crab,2014,male,162,0,0,1,1,0,0,2
TT14,bristol_bay,tanner_crab,2014,male,164,0,0,2,0,0,0,2
TT14,bristol_bay,tanner_crab,2014,male,165,0,0,2,1,1,0,4
TT14,bristol_bay,tanner_crab,2014,male,166,0,0,1,0,1,0,2
TT14,bristol_bay,tanner_crab,2014,male,168,0,0,1,1,2,0,4
TT14,bristol_bay,tanner_crab,2014,male,170,0,0,1,0,0,0,1
TT14,bristol_bay,tanner_crab,2014,male,171,0,0,0,0,1,0,1
TT14,bristol_bay,tanner_crab,2014,male,172,0,0,0,0,2,0,2
TT14,bristol_bay,tanner_crab,2014,male,173,0,0,1,0,0,0,1
TT14,bristol_bay,tanner_crab,2014,male,176,0,0,1,0,0,0,1
TT14,bristol_bay,tanner_crab,2014,male,177,0,0,0,1,0,0,1
TT14,bristol_bay,tanner_crab,2014,male,179,0,0,1,0,0,0,1
TT14,bristol_bay,tanner_crab,2014,female,76,0,0,1,0,0,0,1
TT14,bristol_bay,tanner_crab,2014,female,80,0,0,1,0,0,0,1
TT14,bristol_bay,tanner_crab,2014,female,84,0,0,1,0,0,0,1
TT14,bristol_bay,tanner_crab,2014,female,85,0,0,1,0,0,0,1
TT14,bristol_bay,tanner_crab,2014,female,87,0,0,1,0,0,0,1
TT14,bristol_bay,tanner_crab,2014,female,88,0,0,3,0,0,0,3
TT14,bristol_bay,tanner_crab,2014,female,89,0,0,2,0,0,0,2
TT14,bristol_bay,tanner_crab,2014,female,90,0,0,1,0,0,0,1
TT14,bristol_bay,tanner_crab,2014,female,91,0,0,3,0,0,0,3
TT14,bristol_bay,tanner_crab,2014,female,92,0,0,1,0,0,0,1
TT14,bristol_bay,tanner_crab,2014,female,93,0,0,1,0,0,0,1
TT14,bristol_bay,tanner_crab,2014,female,94,0,0,8,0,0,0,8
TT14,bristol_bay,tanner_crab,2014,female,95,0,0,7,0,0,0,7
TT14,bristol_bay,tanner_crab,2014,female,96,0,0,3,0,0,0,3
TT14,bristol_bay,tanner_crab,2014,female,97,0,0,6,0,0,0,6
TT14,bristol_bay,tanner_crab,2014,female,98,0,0,6,0,0,0,6
TT14,bristol_bay,tanner_crab,2014,female,99,0,0,8,0,0,0,8
TT14,bristol_bay,tanner_crab,2014,female,100,0,0,7,0,0,0,7
TT14,bristol_bay,tanner_crab,2014,female,101,0,0,4,0,0,0,4
TT14,bristol_bay,tanner_crab,2014,female,102,0,0,8,0,0,0,8
TT14,bristol_bay,tanner_crab,2014,female,103,0,0,8,0,0,0,8
TT14,bristol_bay,tanner_crab,2014,female,104,0,0,8,0,0,0,8
TT14,bristol_bay,tanner_crab,2014,female,105,0,0,7,0,0,0,7
TT14,bristol_bay,tanner_crab,2014,female,106,0,0,17,0,0,0,17
TT14,bristol_bay,tanner_crab,2014,female,107,0,0,23,0,0,0,23
TT14,bristol_bay,tanner_crab,2014,female,108,0,0,15,0,0,0,15
TT14,bristol_bay,tanner_crab,2014,female,109,0,0,29,0,0,0,29
TT14,bristol_bay,tanner_crab,2014,female,110,0,0,22,0,0,0,22
TT14,bristol_bay,tanner_crab,2014,female,111,0,0,17,0,0,0,17
TT14,bristol_bay,tanner_crab,2014,female,112,0,0,30,0,0,0,30
TT14,bristol_bay,tanner_crab,2014,female,113,0,0,13,0,0,0,13
TT14,bristol_bay,tanner_crab,2014,female,114,0,0,19,0,0,0,19
TT14,bristol_bay,tanner_crab,2014,female,115,0,0,7,0,0,0,7
TT14,bristol_bay,tanner_crab,2014,female,116,0,0,8,0,0,0,8
TT14,bristol_bay,tanner_crab,2014,female,117,0,0,7,0,0,0,7
TT14,bristol_bay,tanner_crab,2014,female,118,0,0,9,0,0,0,9
TT14,bristol_bay,tanner_crab,2014,female,119,0,0,6,0,0,0,6
TT14,bristol_bay,tanner_crab,2014,female,120,0,0,4,0,0,0,4
TT14,bristol_bay,tanner_crab,2014,female,121,0,0,4,0,0,0,4
TT14,bristol_bay,tanner_crab,2014,female,122,0,0,1,0,0,0,1
TT14,bristol_bay,tanner_crab,2014,female,123,0,0,5,0,0,0,5
TT14,bristol_bay,tanner_crab,2014,female,124,0,0,2,1,0,0,3
TT14,bristol_bay,tanner_crab,2014,female,125,0,0,7,0,0,0,7
TT14,bristol_bay,tanner_crab,2014,female,127,0,0,4,0,0,0,4
TT14,bristol_bay,tanner_crab,2014,female,128,0,0,1,0,0,0,1
TT14,bristol_bay,tanner_crab,2014,female,129,0,0,2,0,0,0,2
TT14,bristol_bay,tanner_crab,2014,female,130,0,0,2,0,0,0,2
TT14,bristol_bay,tanner_crab,2014,female,131,0,0,1,0,0,0,1
TT14,bristol_bay,tanner_crab,2014,female,132,0,0,2,0,0,0,2
TT14,bristol_bay,tanner_crab,2014,female,133,0,0,1,0,0,0,1
TT14,bristol_bay,tanner_crab,2014,female,134,0,0,1,0,0,0,1
TT14,bristol_bay,tanner_crab,2014,female,135,0,0,1,0,0,0,1
TT14,bristol_bay,tanner_crab,2014,female,136,0,0,5,0,0,0,5
TT14,bristol_bay,tanner_crab,2014,female,137,0,0,4,0,0,0,4
TT14,bristol_bay,tanner_crab,2014,female,138,0,0,1,0,0,0,1
TT14,bristol_bay,tanner_crab,2014,female,140,0,0,2,0,0,0,2
TT14,bristol_bay,tanner_crab,2014,female,141,0,0,1,0,0,0,1
TT14,bristol_bay,tanner_crab,2014,female,142,0,0,2,0,0,0,2
TT14,bristol_bay,tanner_crab,2014,female,143,0,0,1,0,0,0,1
TT14,bristol_bay,tanner_crab,2014,female,145,0,0,1,0,0,0,1
TT14,bristol_bay,tanner_crab,2014,female,146,0,0,1,0,0,0,1
TT14,bristol_bay,tanner_crab,2014,female,147,0,0,3,0,0,0,3
TT14,bristol_bay,tanner_crab,2014,female,148,0,0,1,0,0,0,1
TT14,bristol_bay,tanner_crab,2014,female,155,0,0,1,0,0,0,1
TT14,bristol_bay,tanner_crab,2014,female,170,0,0,1,0,0,0,1
TT15,bristol_bay,tanner_crab,2015,male,58,0,0,1,0,0,0,1
TT15,bristol_bay,tanner_crab,2015,male,59,0,0,1,0,0,0,1
TT15,bristol_bay,tanner_crab,2015,male,60,0,0,1,0,0,0,1
TT15,bristol_bay,tanner_crab,2015,male,62,0,0,2,0,0,0,2
TT15,bristol_bay,tanner_crab,2015,male,66,0,0,1,0,0,0,1
TT15,bristol_bay,tanner_crab,2015,male,68,0,0,3,0,0,0,3
TT15,bristol_bay,tanner_crab,2015,male,69,0,0,1,0,0,0,1
TT15,bristol_bay,tanner_crab,2015,male,70,0,0,1,0,0,0,1
TT15,bristol_bay,tanner_crab,2015,male,72,0,0,3,0,0,0,3
TT15,bristol_bay,tanner_crab,2015,male,73,0,0,3,0,0,0,3
TT15,bristol_bay,tanner_crab,2015,male,74,0,0,4,0,0,0,4
TT15,bristol_bay,tanner_crab,2015,male,76,0,0,4,0,0,0,4
TT15,bristol_bay,tanner_crab,2015,male,77,0,0,1,0,0,0,1
TT15,bristol_bay,tanner_crab,2015,male,80,0,0,1,0,0,0,1
TT15,bristol_bay,tanner_crab,2015,male,82,0,0,3,0,0,0,3
TT15,bristol_bay,tanner_crab,2015,male,83,0,0,2,0,0,0,2
TT15,bristol_bay,tanner_crab,2015,male,84,0,0,1,0,0,0,1
TT15,bristol_bay,tanner_crab,2015,male,85,0,0,4,0,0,0,4
TT15,bristol_bay,tanner_crab,2015,male,86,0,0,11,0,0,0,11
TT15,bristol_bay,tanner_crab,2015,male,87,0,0,16,0,0,0,16
TT15,bristol_bay,tanner_crab,2015,male,88,0,0,12,0,0,0,12
TT15,bristol_bay,tanner_crab,2015,male,89,0,0,9,0,0,0,9
TT15,bristol_bay,tanner_crab,2015,male,90,0,0,14,0,0,0,14
TT15,bristol_bay,tanner_crab,2015,male,91,0,0,19,0,0,0,19
TT15,bristol_bay,tanner_crab,2015,male,92,0,0,20,0,0,0,20
TT15,bristol_bay,tanner_crab,2015,male,93,0,0,11,0,0,0,11
TT15,bristol_bay,tanner_crab,2015,male,94,0,0,7,0,0,0,7
TT15,bristol_bay,tanner_crab,2015,male,95,0,0,7,0,0,0,7
TT15,bristol_bay,tanner_crab,2015,male,96,0,0,14,0,0,0,14
TT15,bristol_bay,tanner_crab,2015,male,97,0,0,11,0,0,0,11
TT15,bristol_bay,tanner_crab,2015,male,98,0,0,8,0,0,0,8
TT15,bristol_bay,tanner_crab,2015,male,99,0,0,11,0,0,0,11
TT15,bristol_bay,tanner_crab,2015,male,100,0,0,4,0,0,0,4
TT15,bristol_bay,tanner_crab,2015,male,101,0,0,5,0,0,0,5
TT15,bristol_bay,tanner_crab,2015,male,102,0,0,6,0,0,0,6
TT15,bristol_bay,tanner_crab,2015,male,103,0,0,12,0,0,0,12
TT15,bristol_bay,tanner_crab,2015,male,104,0,0,6,0,0,0,6
TT15,bristol_bay,tanner_crab,2015,male,105,0,0,9,0,0,0,9
TT15,bristol_bay,tanner_crab,2015,male,106,0,0,10,0,0,0,10
TT15,bristol_bay,tanner_crab,2015,male,107,0,0,4,0,0,0,4
TT15,bristol_bay,tanner_crab,2015,male,108,0,0,10,1,0,0,11
TT15,bristol_bay,tanner_crab,2015,male,109,0,0,10,0,0,0,10
TT15,bristol_bay,tanner_crab,2015,male,110,0,0,11,0,0,1,12
TT15,bristol_bay,tanner_crab,2015,male,111,0,0,9,0,0,0,9
TT15,bristol_bay,tanner_crab,2015,male,112,0,0,12,0,0,0,12
TT15,bristol_bay,tanner_crab,2015,male,113,0,0,8,1,0,0,9
TT15,bristol_bay,tanner_crab,2015,male,114,0,0,17,0,0,0,17
TT15,bristol_bay,tanner_crab,2015,male,115,0,0,17,0,0,0,17
TT15,bristol_bay,tanner_crab,2015,male,116,0,0,11,0,0,1,12
TT15,bristol_bay,tanner_crab,2015,male,117,0,0,15,0,0,0,15
TT15,bristol_bay,tanner_crab,2015,male,118,0,0,10,0,0,0,10
TT15,bristol_bay,tanner_crab,2015,male,119,0,0,9,0,0,0,9
TT15,bristol_bay,tanner_crab,2015,male,120,0,0,7,0,0,0,7
TT15,bristol_bay,tanner_crab,2015,male,121,0,0,5,1,0,0,6
TT15,bristol_bay,tanner_crab,2015,male,122,0,0,12,0,0,0,12
TT15,bristol_bay,tanner_crab,2015,male,123,0,0,5,0,0,0,5
TT15,bristol_bay,tanner_crab,2015,male,124,0,0,4,0,0,0,4
TT15,bristol_bay,tanner_crab,2015,male,125,0,0,6,0,0,0,6
TT15,bristol_bay,tanner_crab,2015,male,126,0,0,4,0,0,0,4
TT15,bristol_bay,tanner_crab,2015,male,127,0,0,7,0,0,0,7
TT15,bristol_bay,tanner_crab,2015,male,128,0,0,8,0,0,0,8
TT15,bristol_bay,tanner_crab,2015,male,130,0,0,7,0,0,0,7
TT15,bristol_bay,tanner_crab,2015,male,131,0,0,3,1,0,0,4
TT15,bristol_bay,tanner_crab,2015,male,132,0,0,2,1,0,0,3
TT15,bristol_bay,tanner_crab,2015,male,133,0,0,2,1,0,0,3
TT15,bristol_bay,tanner_crab,2015,male,134,0,0,2,0,0,0,2
TT15,bristol_bay,tanner_crab,2015,male,135,0,0,6,0,0,0,6
TT15,bristol_bay,tanner_crab,2015,male,136,0,0,4,0,0,0,4
TT15,bristol_bay,tanner_crab,2015,male,137,0,0,7,0,0,0,7
TT15,bristol_bay,tanner_crab,2015,male,138,0,0,9,1,0,0,10
TT15,bristol_bay,tanner_crab,2015,male,139,0,0,8,0,0,0,8
TT15,bristol_bay,tanner_crab,2015,male,140,0,0,6,0,0,0,6
TT15,bristol_bay,tanner_crab,2015,male,141,0,0,5,0,0,0,5
TT15,bristol_bay,tanner_crab,2015,male,142,0,0,8,1,0,0,9
TT15,bristol_bay,tanner_crab,2015,male,143,0,0,7,2,0,0,9
TT15,bristol_bay,tanner_crab,2015,male,144,0,0,1,0,0,0,1
TT15,bristol_bay,tanner_crab,2015,male,145,0,0,5,0,0,0,5
TT15,bristol_bay,tanner_crab,2015,male,146,0,0,8,0,0,0,8
TT15,bristol_bay,tanner_crab,2015,male,147,0,0,7,1,0,0,8
TT15,bristol_bay,tanner_crab,2015,male,148,0,0,11,0,0,0,11
TT15,bristol_bay,tanner_crab,2015,male,149,0,0,7,0,0,0,7
TT15,bristol_bay,tanner_crab,2015,male,150,0,0,5,3,0,0,8
TT15,bristol_bay,tanner_crab,2015,male,151,0,0,6,0,0,0,6
TT15,bristol_bay,tanner_crab,2015,male,152,0,0,5,3,0,0,8
TT15,bristol_bay,tanner_crab,2015,male,153,0,0,5,1,1,0,7
TT15,bristol_bay,tanner_crab,2015,male,154,0,0,9,3,0,0,12
TT15,bristol_bay,tanner_crab,2015,male,155,0,0,5,2,0,0,7
TT15,bristol_bay,tanner_crab,2015,male,156,0,0,7,3,1,0,11
TT15,bristol_bay,tanner_crab,2015,male,157,0,0,3,2,0,0,5
TT15,bristol_bay,tanner_crab,2015,male,158,0,0,6,2,0,0,8
TT15,bristol_bay,tanner_crab,2015,male,159,0,0,8,4,0,0,12
TT15,bristol_bay,tanner_crab,2015,male,160,0,0,5,0,0,0,5
TT15,bristol_bay,tanner_crab,2015,male,161,0,0,1,2,0,0,3
TT15,bristol_bay,tanner_crab,2015,male,162,0,0,2,3,0,0,5
TT15,bristol_bay,tanner_crab,2015,male,163,0,0,4,4,0,0,8
TT15,bristol_bay,tanner_crab,2015,male,164,0,0,5,2,0,0,7
TT15,bristol_bay,tanner_crab,2015,male,165,0,0,2,0,0,0,2
TT15,bristol_bay,tanner_crab,2015,male,166,0,0,5,1,1,0,7
TT15,bristol_bay,tanner_crab,2015,male,167,0,0,0,2,0,0,2
TT15,bristol_bay,tanner_crab,2015,male,168,0,0,1,4,0,0,5
TT15,bristol_bay,tanner_crab,2015,male,169,0,0,3,1,0,0,4
TT15,bristol_bay,tanner_crab,2015,male,170,0,0,1,0,0,0,1
TT15,bristol_bay,tanner_crab,2015,male,171,0,0,1,2,0,0,3
TT15,bristol_bay,tanner_crab,2015,male,172,0,0,2,0,0,0,2
TT15,bristol_bay,tanner_crab,2015,male,174,0,0,0,1,0,0,1
TT15,bristol_bay,tanner_crab,2015,male,175,0,0,0,1,0,0,1
TT15,bristol_bay,tanner_crab,2015,male,176,0,0,0,1,0,0,1
TT15,bristol_bay,tanner_crab,2015,male,177,0,0,1,0,0,0,1
TT15,bristol_bay,tanner_crab,2015,male,183,0,0,0,2,0,0,2
TT15,bristol_bay,tanner_crab,2015,male,185,0,0,1,0,0,0,1
TT15,bristol_bay,tanner_crab,2015,female,60,0,0,1,0,0,0,1
TT15,bristol_bay,tanner_crab,2015,female,61,0,0,1,0,0,0,1
TT15,bristol_bay,tanner_crab,2015,female,64,0,0,1,0,0,0,1
TT15,bristol_bay,tanner_crab,2015,female,65,0,0,1,0,0,0,1
TT15,bristol_bay,tanner_crab,2015,female,72,0,0,1,0,0,0,1
TT15,bristol_bay,tanner_crab,2015,female,73,0,0,1,0,0,0,1
TT15,bristol_bay,tanner_crab,2015,female,74,0,0,2,0,0,0,2
TT15,bristol_bay,tanner_crab,2015,female,75,0,0,2,0,0,0,2
TT15,bristol_bay,tanner_crab,2015,female,76,0,0,1,0,0,0,1
TT15,bristol_bay,tanner_crab,2015,female,77,0,0,1,0,0,0,1
TT15,bristol_bay,tanner_crab,2015,female,78,0,0,3,0,0,0,3
TT15,bristol_bay,tanner_crab,2015,female,79,0,0,1,0,0,0,1
TT15,bristol_bay,tanner_crab,2015,female,80,0,0,2,0,0,0,2
TT15,bristol_bay,tanner_crab,2015,female,81,0,0,3,0,0,0,3
TT15,bristol_bay,tanner_crab,2015,female,82,0,0,2,0,0,0,2
TT15,bristol_bay,tanner_crab,2015,female,83,0,0,2,0,0,0,2
TT15,bristol_bay,tanner_crab,2015,female,84,0,0,6,0,0,0,6
TT15,bristol_bay,tanner_crab,2015,female,85,0,0,11,0,0,0,11
TT15,bristol_bay,tanner_crab,2015,female,86,0,0,11,0,0,0,11
TT15,bristol_bay,tanner_crab,2015,female,87,0,0,13,0,0,0,13
TT15,bristol_bay,tanner_crab,2015,female,88,0,0,15,0,0,0,15
TT15,bristol_bay,tanner_crab,2015,female,89,0,0,19,0,0,0,19
TT15,bristol_bay,tanner_crab,2015,female,90,0,0,18,0,0,0,18
TT15,bristol_bay,tanner_crab,2015,female,91,0,0,22,0,0,0,22
TT15,bristol_bay,tanner_crab,2015,female,92,0,0,26,0,0,0,26
TT15,bristol_bay,tanner_crab,2015,female,93,0,0,14,0,0,0,14
TT15,bristol_bay,tanner_crab,2015,female,94,0,0,20,0,0,0,20
TT15,bristol_bay,tanner_crab,2015,female,95,0,0,33,0,0,0,33
TT15,bristol_bay,tanner_crab,2015,female,96,0,0,31,0,0,0,31
TT15,bristol_bay,tanner_crab,2015,female,97,0,0,37,0,0,0,37
TT15,bristol_bay,tanner_crab,2015,female,98,0,0,43,0,0,0,43
TT15,bristol_bay,tanner_crab,2015,female,99,0,0,40,0,0,0,40
TT15,bristol_bay,tanner_crab,2015,female,100,0,0,43,0,0,0,43
TT15,bristol_bay,tanner_crab,2015,female,101,0,0,53,0,0,0,53
TT15,bristol_bay,tanner_crab,2015,female,102,0,0,56,0,0,0,56
TT15,bristol_bay,tanner_crab,2015,female,103,0,0,73,0,0,0,73
TT15,bristol_bay,tanner_crab,2015,female,104,0,0,73,0,0,0,73
TT15,bristol_bay,tanner_crab,2015,female,105,0,0,93,0,0,0,93
TT15,bristol_bay,tanner_crab,2015,female,106,0,0,86,0,0,0,86
TT15,bristol_bay,tanner_crab,2015,female,107,0,0,80,1,0,0,81
TT15,bristol_bay,tanner_crab,2015,female,108,0,0,79,0,0,0,79
TT15,bristol_bay,tanner_crab,2015,female,109,0,1,76,0,0,0,77
TT15,bristol_bay,tanner_crab,2015,female,110,0,0,66,0,0,0,66
TT15,bristol_bay,tanner_crab,2015,female,111,0,0,61,0,0,0,61
TT15,bristol_bay,tanner_crab,2015,female,112,0,0,75,0,0,0,75
TT15,bristol_bay,tanner_crab,2015,female,113,0,0,55,0,0,0,55
TT15,bristol_bay,tanner_crab,2015,female,114,0,0,65,0,0,0,65
TT15,bristol_bay,tanner_crab,2015,female,115,0,0,65,0,0,0,65
TT15,bristol_bay,tanner_crab,2015,female,116,0,0,54,0,0,0,54
TT15,bristol_bay,tanner_crab,2015,female,117,0,0,43,0,0,0,43
TT15,bristol_bay,tanner_crab,2015,female,118,0,0,46,0,0,0,46
TT15,bristol_bay,tanner_crab,2015,female,119,0,0,58,0,0,0,58
TT15,bristol_bay,tanner_crab,2015,female,120,1,0,45,0,0,0,46
TT15,bristol_bay,tanner_crab,2015,female,121,0,0,43,0,0,0,43
TT15,bristol_bay,tanner_crab,2015,female,122,0,0,41,0,0,0,41
TT15,bristol_bay,tanner_crab,2015,female,123,0,0,33,0,0,0,33
TT15,bristol_bay,tanner_crab,2015,female,124,0,0,37,0,0,0,37
TT15,bristol_bay,tanner_crab,2015,female,125,0,0,32,0,0,0,32
TT15,bristol_bay,tanner_crab,2015,female,126,0,0,25,0,0,0,25
TT15,bristol_bay,tanner_crab,2015,female,127,0,0,9,0,0,0,9
TT15,bristol_bay,tanner_crab,2015,female,128,0,0,20,0,0,0,20
TT15,bristol_bay,tanner_crab,2015,female,129,0,0,22,0,0,0,22
TT15,bristol_bay,tanner_crab,2015,female,130,0,0,10,0,0,0,10
TT15,bristol_bay,tanner_crab,2015,female,131,0,0,9,0,0,0,9
TT15,bristol_bay,tanner_crab,2015,female,132,0,0,12,0,0,0,12
TT15,bristol_bay,tanner_crab,2015,female,133,0,0,13,0,0,0,13
TT15,bristol_bay,tanner_crab,2015,female,134,0,0,14,0,0,0,14
TT15,bristol_bay,tanner_crab,2015,female,135,0,0,9,0,0,0,9
TT15,bristol_bay,tanner_crab,2015,female,136,0,0,16,0,0,0,16
TT15,bristol_bay,tanner_crab,2015,female,137,0,0,12,0,0,0,12
TT15,bristol_bay,tanner_crab,2015,female,138,0,0,5,0,0,0,5
TT15,bristol_bay,tanner_crab,2015,female,139,0,0,7,0,0,0,7
TT15,bristol_bay,tanner_crab,2015,female,140,0,0,5,0,0,0,5
TT15,bristol_bay,tanner_crab,2015,female,141,0,0,7,0,0,0,7
TT15,bristol_bay,tanner_crab,2015,female,142,0,0,6,0,0,0,6
TT15,bristol_bay,tanner_crab,2015,female,143,0,0,6,0,0,0,6
TT15,bristol_bay,tanner_crab,2015,female,144,0,0,12,0,0,0,12
TT15,bristol_bay,tanner_crab,2015,female,145,0,0,4,0,0,0,4
TT15,bristol_bay,tanner_crab,2015,female,146,0,0,6,0,0,0,6
TT15,bristol_bay,tanner_crab,2015,female,147,0,0,6,0,0,0,6
TT15,bristol_bay,tanner_crab,2015,female,148,0,0,2,0,0,0,2
TT15,bristol_bay,tanner_crab,2015,female,149,0,0,3,0,0,0,3
TT15,bristol_bay,tanner_crab,2015,female,151,0,0,2,0,0,0,2
TT15,bristol_bay,tanner_crab,2015,female,153,0,0,2,0,0,0,2
TT15,bristol_bay,tanner_crab,2015,female,154,0,0,1,0,0,0,1
TT15,bristol_bay,tanner_crab,2015,female,155,0,0,1,0,0,0,1
TT15,bristol_bay,tanner_crab,2015,female,159,0,0,1,0,0,0,1
TT15,bristol_bay,tanner_crab,2015,female,162,0,0,1,0,0,0,1
TT91,bristol_bay,tanner_crab,1991,male,64,0,0,1,0,0,0,1
TT91,bristol_bay,tanner_crab,1991,male,65,0,0,2,0,0,0,2
TT91,bristol_bay,tanner_crab,1991,male,66,0,0,1,0,0,0,1
TT91,bristol_bay,tanner_crab,1991,male,67,0,0,1,0,0,0,1
TT91,bristol_bay,tanner_crab,1991,male,69,0,0,4,0,0,0,4
TT91,bristol_bay,tanner_crab,1991,male,70,0,0,4,0,0,0,4
TT91,bristol_bay,tanner_crab,1991,male,72,0,0,3,0,0,0,3
TT91,bristol_bay,tanner_crab,1991,male,73,0,0,4,0,0,0,4
TT91,bristol_bay,tanner_crab,1991,male,74,0,0,4,0,0,0,4
TT91,bristol_bay,tanner_crab,1991,male,75,0,0,1,0,0,0,1
TT91,bristol_bay,tanner_crab,1991,male,76,0,0,1,0,0,0,1
TT91,bristol_bay,tanner_crab,1991,male,77,0,0,3,0,0,0,3
TT91,bristol_bay,tanner_crab,1991,male,78,0,0,3,0,0,0,3
TT91,bristol_bay,tanner_crab,1991,male,79,0,0,1,0,0,0,1
TT91,bristol_bay,tanner_crab,1991,male,80,0,0,6,0,0,0,6
TT91,bristol_bay,tanner_crab,1991,male,81,0,0,4,0,0,0,4
TT91,bristol_bay,tanner_crab,1991,male,83,0,0,1,0,0,0,1
TT91,bristol_bay,tanner_crab,1991,male,84,0,0,2,0,0,0,2
TT91,bristol_bay,tanner_crab,1991,male,85,0,0,4,1,0,0,5
TT91,bristol_bay,tanner_crab,1991,male,86,0,0,1,0,0,0,1
TT91,bristol_bay,tanner_crab,1991,male,87,0,0,3,0,0,0,3
TT91,bristol_bay,tanner_crab,1991,male,88,0,0,1,0,0,0,1
TT91,bristol_bay,tanner_crab,1991,male,89,0,0,6,0,0,0,6
TT91,bristol_bay,tanner_crab,1991,male,90,0,0,2,0,0,0,2
TT91,bristol_bay,tanner_crab,1991,male,91,0,0,3,0,0,0,3
TT91,bristol_bay,tanner_crab,1991,male,92,0,0,3,0,0,0,3
TT91,bristol_bay,tanner_crab,1991,male,93,0,0,2,0,0,0,2
TT91,bristol_bay,tanner_crab,1991,male,94,0,0,3,0,0,0,3
TT91,bristol_bay,tanner_crab,1991,male,95,0,0,1,1,0,0,2
TT91,bristol_bay,tanner_crab,1991,male,96,0,0,5,0,0,0,5
TT91,bristol_bay,tanner_crab,1991,male,97,0,0,11,0,0,0,11
TT91,bristol_bay,tanner_crab,1991,male,98,0,0,8,0,0,0,8
TT91,bristol_bay,tanner_crab,1991,male,99,0,0,6,0,0,0,6
TT91,bristol_bay,tanner_crab,1991,male,100,0,0,6,0,0,0,6
TT91,bristol_bay,tanner_crab,1991,male,101,0,0,10,0,0,0,10
TT91,bristol_bay,tanner_crab,1991,male,102,0,0,13,0,0,0,13
TT91,bristol_bay,tanner_crab,1991,male,103,0,0,6,0,0,0,6
TT91,bristol_bay,tanner_crab,1991,male,104,0,0,8,1,0,0,9
TT91,bristol_bay,tanner_crab,1991,male,105,0,0,8,0,0,0,8
TT91,bristol_bay,tanner_crab,1991,male,106,0,0,11,0,0,0,11
TT91,bristol_bay,tanner_crab,1991,male,107,0,0,4,0,0,0,4
TT91,bristol_bay,tanner_crab,1991,male,108,0,0,13,0,0,0,13
TT91,bristol_bay,tanner_crab,1991,male,109,0,0,9,0,0,0,9
TT91,bristol_bay,tanner_crab,1991,male,110,0,0,9,0,0,0,9
TT91,bristol_bay,tanner_crab,1991,male,111,0,0,7,0,0,1,8
TT91,bristol_bay,tanner_crab,1991,male,112,0,0,2,0,0,0,2
TT91,bristol_bay,tanner_crab,1991,male,113,0,0,10,1,0,0,11
TT91,bristol_bay,tanner_crab,1991,male,114,0,0,5,0,0,0,5
TT91,bristol_bay,tanner_crab,1991,male,115,0,0,9,0,1,0,10
TT91,bristol_bay,tanner_crab,1991,male,116,0,0,5,2,0,0,7
TT91,bristol_bay,tanner_crab,1991,male,117,0,0,8,0,1,0,9
TT91,bristol_bay,tanner_crab,1991,male,118,0,1,11,0,0,0,12
TT91,bristol_bay,tanner_crab,1991,male,119,0,0,11,0,0,0,11
TT91,bristol_bay,tanner_crab,1991,male,120,0,0,8,3,0,0,11
TT91,bristol_bay,tanner_crab,1991,male,121,0,0,8,5,0,0,13
TT91,bristol_bay,tanner_crab,1991,male,122,0,0,8,1,0,0,9
TT91,bristol_bay,tanner_crab,1991,male,123,0,0,9,2,0,0,11
TT91,bristol_bay,tanner_crab,1991,male,124,0,0,8,0,0,0,8
TT91,bristol_bay,tanner_crab,1991,male,125,0,0,9,3,0,0,12
TT91,bristol_bay,tanner_crab,1991,male,126,0,0,7,1,0,1,9
TT91,bristol_bay,tanner_crab,1991,male,127,0,0,8,2,1,0,11
TT91,bristol_bay,tanner_crab,1991,male,128,0,0,9,3,0,0,12
TT91,bristol_bay,tanner_crab,1991,male,129,0,0,12,1,0,0,13
TT91,bristol_bay,tanner_crab,1991,male,130,0,0,14,3,0,0,17
TT91,bristol_bay,tanner_crab,1991,male,131,0,0,14,2,0,0,16
TT91,bristol_bay,tanner_crab,1991,male,132,0,0,11,1,0,1,13
TT91,bristol_bay,tanner_crab,1991,male,133,0,0,13,5,0,0,18
TT91,bristol_bay,tanner_crab,1991,male,134,0,0,17,3,0,1,21
TT91,bristol_bay,tanner_crab,1991,male,135,0,0,14,0,1,0,15
TT91,bristol_bay,tanner_crab,1991,male,136,0,1,16,0,0,0,17
TT91,bristol_bay,tanner_crab,1991,male,137,0,0,18,6,0,1,25
TT91,bristol_bay,tanner_crab,1991,male,138,0,0,13,1,2,2,18
TT91,bristol_bay,tanner_crab,1991,male,139,0,0,18,0,0,1,19
TT91,bristol_bay,tanner_crab,1991,male,140,0,0,13,1,0,0,14
TT91,bristol_bay,tanner_crab,1991,male,141,0,0,7,1,1,0,9
TT91,bristol_bay,tanner_crab,1991,male,142,0,0,11,2,1,2,16
TT91,bristol_bay,tanner_crab,1991,male,143,0,0,13,4,2,1,20
TT91,bristol_bay,tanner_crab,1991,male,144,0,0,13,2,0,0,15
TT91,bristol_bay,tanner_crab,1991,male,145,0,0,5,4,0,0,9
TT91,bristol_bay,tanner_crab,1991,male,146,0,0,11,4,3,0,18
TT91,bristol_bay,tanner_crab,1991,male,147,0,0,7,0,0,2,9
TT91,bristol_bay,tanner_crab,1991,male,148,0,0,8,2,4,1,15
TT91,bristol_bay,tanner_crab,1991,male,149,0,0,12,3,2,0,17
TT91,bristol_bay,tanner_crab,1991,male,150,0,0,6,4,1,0,11
TT91,bristol_bay,tanner_crab,1991,male,151,0,0,7,1,1,0,9
TT91,bristol_bay,tanner_crab,1991,male,152,0,0,15,2,2,1,20
TT91,bristol_bay,tanner_crab,1991,male,153,0,0,10,2,1,2,15
TT91,bristol_bay,tanner_crab,1991,male,154,0,0,7,1,2,3,13
TT91,bristol_bay,tanner_crab,1991,male,155,0,0,5,3,1,0,9
TT91,bristol_bay,tanner_crab,1991,male,156,0,0,7,1,0,0,8
TT91,bristol_bay,tanner_crab,1991,male,157,0,0,10,1,0,1,12
TT91,bristol_bay,tanner_crab,1991,male,158,0,0,11,3,1,0,15
TT91,bristol_bay,tanner_crab,1991,male,159,0,0,5,3,1,0,9
TT91,bristol_bay,tanner_crab,1991,male,160,0,0,7,1,1,0,9
TT91,bristol_bay,tanner_crab,1991,male,161,0,0,3,3,1,0,7
TT91,bristol_bay,tanner_crab,1991,male,162,0,0,7,1,3,0,11
TT91,bristol_bay,tanner_crab,1991,male,163,0,0,4,2,1,0,7
TT91,bristol_bay,tanner_crab,1991,male,164,0,0,1,1,0,0,2
TT91,bristol_bay,tanner_crab,1991,male,165,0,0,3,0,0,1,4
TT91,bristol_bay,tanner_crab,1991,male,166,0,0,2,0,0,0,2
TT91,bristol_bay,tanner_crab,1991,male,167,0,0,5,0,2,1,8
TT91,bristol_bay,tanner_crab,1991,male,168,0,0,6,2,0,0,8
TT91,bristol_bay,tanner_crab,1991,male,169,0,0,5,1,0,0,6
TT91,bristol_bay,tanner_crab,1991,male,170,0,0,2,0,1,0,3
TT91,bristol_bay,tanner_crab,1991,male,171,0,0,3,1,0,0,4
TT91,bristol_bay,tanner_crab,1991,male,172,0,0,2,0,0,0,2
TT91,bristol_bay,tanner_crab,1991,male,173,0,0,1,0,0,0,1
TT91,bristol_bay,tanner_crab,1991,male,174,0,0,2,0,0,0,2
TT91,bristol_bay,tanner_crab,1991,male,179,0,0,0,0,1,0,1
TT91,bristol_bay,tanner_crab,1991,male,180,0,0,1,0,0,0,1
TT91,bristol_bay,tanner_crab,1991,male,181,0,0,1,0,0,0,1
TT91,bristol_bay,tanner_crab,1991,female,63,0,0,2,0,0,0,2
TT91,bristol_bay,tanner_crab,1991,female,65,0,0,2,0,0,0,2
TT91,bristol_bay,tanner_crab,1991,female,66,0,0,4,0,0,0,4
TT91,bristol_bay,tanner_crab,1991,female,67,0,0,4,0,0,0,4
TT91,bristol_bay,tanner_crab,1991,female,68,0,0,4,0,0,0,4
TT91,bristol_bay,tanner_crab,1991,female,69,0,0,2,0,0,0,2
TT91,bristol_bay,tanner_crab,1991,female,70,0,0,5,0,0,0,5
TT91,bristol_bay,tanner_crab,1991,female,71,0,0,6,0,0,0,6
TT91,bristol_bay,tanner_crab,1991,female,72,0,0,8,0,0,0,8
TT91,bristol_bay,tanner_crab,1991,female,73,0,0,8,0,0,0,8
TT91,bristol_bay,tanner_crab,1991,female,74,0,0,6,0,0,0,6
TT91,bristol_bay,tanner_crab,1991,female,75,0,0,5,0,0,0,5
TT91,bristol_bay,tanner_crab,1991,female,76,0,0,9,0,0,0,9
TT91,bristol_bay,tanner_crab,1991,female,77,0,0,4,0,0,0,4
TT91,bristol_bay,tanner_crab,1991,female,78,0,0,7,0,0,0,7
TT91,bristol_bay,tanner_crab,1991,female,79,0,0,5,0,0,0,5
TT91,bristol_bay,tanner_crab,1991,female,80,0,0,5,0,0,0,5
TT91,bristol_bay,tanner_crab,1991,female,81,0,0,2,0,0,0,2
TT91,bristol_bay,tanner_crab,1991,female,82,0,0,12,0,0,0,12
TT91,bristol_bay,tanner_crab,1991,female,83,0,0,6,0,0,0,6
TT91,bristol_bay,tanner_crab,1991,female,84,0,0,7,0,0,0,7
TT91,bristol_bay,tanner_crab,1991,female,85,0,0,9,0,0,0,9
TT91,bristol_bay,tanner_crab,1991,female,86,0,0,9,1,0,0,10
TT91,bristol_bay,tanner_crab,1991,female,87,0,0,17,0,0,0,17
TT91,bristol_bay,tanner_crab,1991,female,88,0,0,20,0,0,0,20
TT91,bristol_bay,tanner_crab,1991,female,89,0,0,19,0,0,0,19
TT91,bristol_bay,tanner_crab,1991,female,90,0,0,24,0,0,0,24
TT91,bristol_bay,tanner_crab,1991,female,91,0,0,12,0,0,0,12
TT91,bristol_bay,tanner_crab,1991,female,92,0,0,22,1,0,0,23
TT91,bristol_bay,tanner_crab,1991,female,93,0,0,19,1,0,0,20
TT91,bristol_bay,tanner_crab,1991,female,94,0,0,22,1,0,0,23
TT91,bristol_bay,tanner_crab,1991,female,95,0,0,52,0,0,0,52
TT91,bristol_bay,tanner_crab,1991,female,96,0,0,23,0,0,0,23
TT91,bristol_bay,tanner_crab,1991,female,97,0,0,40,0,0,1,41
TT91,bristol_bay,tanner_crab,1991,female,98,0,0,35,0,0,0,35
TT91,bristol_bay,tanner_crab,1991,female,99,0,0,25,0,0,1,26
TT91,bristol_bay,tanner_crab,1991,female,100,0,0,30,0,0,0,30
TT91,bristol_bay,tanner_crab,1991,female,101,0,0,20,0,0,2,22
TT91,bristol_bay,tanner_crab,1991,female,102,0,0,22,0,0,0,22
TT91,bristol_bay,tanner_crab,1991,female,103,0,0,34,0,0,1,35
TT91,bristol_bay,tanner_crab,1991,female,104,0,0,37,0,0,0,37
TT91,bristol_bay,tanner_crab,1991,female,105,0,0,47,0,0,0,47
TT91,bristol_bay,tanner_crab,1991,female,106,0,0,40,0,0,0,40
TT91,bristol_bay,tanner_crab,1991,female,107,0,0,50,0,0,0,50
TT91,bristol_bay,tanner_crab,1991,female,108,0,0,60,1,0,0,61
TT91,bristol_bay,tanner_crab,1991,female,109,0,0,61,0,0,0,61
TT91,bristol_bay,tanner_crab,1991,female,110,0,0,59,0,0,0,59
TT91,bristol_bay,tanner_crab,1991,female,111,0,0,67,0,0,0,67
TT91,bristol_bay,tanner_crab,1991,female,112,0,0,89,1,0,0,90
TT91,bristol_bay,tanner_crab,1991,female,113,0,0,56,1,0,0,57
TT91,bristol_bay,tanner_crab,1991,female,114,0,0,85,0,0,2,87
TT91,bristol_bay,tanner_crab,1991,female,115,0,0,74,0,0,2,76
TT91,bristol_bay,tanner_crab,1991,female,116,0,0,67,0,0,0,67
TT91,bristol_bay,tanner_crab,1991,female,117,0,0,76,0,0,2,78
TT91,bristol_bay,tanner_crab,1991,female,118,0,0,68,1,0,0,69
TT91,bristol_bay,tanner_crab,1991,female,119,0,0,64,0,0,2,66
TT91,bristol_bay,tanner_crab,1991,female,120,0,0,81,0,0,0,81
TT91,bristol_bay,tanner_crab,1991,female,121,0,0,54,2,0,3,59
TT91,bristol_bay,tanner_crab,1991,female,122,0,0,62,1,0,0,63
TT91,bristol_bay,tanner_crab,1991,female,123,0,0,46,0,0,0,46
TT91,bristol_bay,tanner_crab,1991,female,124,0,0,49,0,0,0,49
TT91,bristol_bay,tanner_crab,1991,female,125,0,0,35,0,0,0,35
TT91,bristol_bay,tanner_crab,1991,female,126,0,0,38,0,0,1,39
TT91,bristol_bay,tanner_crab,1991,female,127,0,0,48,0,0,1,49
TT91,bristol_bay,tanner_crab,1991,female,128,0,0,34,0,0,1,35
TT91,bristol_bay,tanner_crab,1991,female,129,0,0,14,0,0,2,16
TT91,bristol_bay,tanner_crab,1991,female,130,0,0,18,0,0,0,18
TT91,bristol_bay,tanner_crab,1991,female,131,0,0,22,0,0,0,22
TT91,bristol_bay,tanner_crab,1991,female,132,0,0,16,0,0,0,16
TT91,bristol_bay,tanner_crab,1991,female,133,0,0,16,0,0,0,16
TT91,bristol_bay,tanner_crab,1991,female,134,0,0,11,0,0,0,11
TT91,bristol_bay,tanner_crab,1991,female,135,0,0,16,0,0,0,16
TT91,bristol_bay,tanner_crab,1991,female,136,0,0,12,0,0,0,12
TT91,bristol_bay,tanner_crab,1991,female,137,0,0,14,0,0,0,14
TT91,bristol_bay,tanner_crab,1991,female,138,0,0,8,0,0,1,9
TT91,bristol_bay,tanner_crab,1991,female,139,0,0,8,0,0,0,8
TT91,bristol_bay,tanner_crab,1991,female,140,0,0,3,0,0,0,3
TT91,bristol_bay,tanner_crab,1991,female,141,0,0,3,0,0,0,3
TT91,bristol_bay,tanner_crab,1991,female,142,0,0,4,0,0,0,4
TT91,bristol_bay,tanner_crab,1991,female,143,0,0,1,0,0,0,1
TT91,bristol_bay,tanner_crab,1991,female,144,0,0,1,0,0,0,1
TT91,bristol_bay,tanner_crab,1991,female,145,0,0,3,0,0,0,3
TT91,bristol_bay,tanner_crab,1991,female,146,0,0,4,0,0,0,4
TT91,bristol_bay,tanner_crab,1991,female,149,0,0,2,0,0,0,2
TT91,bristol_bay,tanner_crab,1991,female,171,0,0,1,0,0,0,1
TT92,bristol_bay,tanner_crab,1992,male,75,0,0,1,0,0,0,1
TT92,bristol_bay,tanner_crab,1992,male,84,0,0,3,0,0,0,3
TT92,bristol_bay,tanner_crab,1992,male,85,0,0,1,0,0,0,1
TT92,bristol_bay,tanner_crab,1992,male,86,0,0,3,0,0,0,3
TT92,bristol_bay,tanner_crab,1992,male,87,0,0,3,0,0,0,3
TT92,bristol_bay,tanner_crab,1992,male,88,0,0,2,0,0,0,2
TT92,bristol_bay,tanner_crab,1992,male,89,0,0,2,0,0,0,2
TT92,bristol_bay,tanner_crab,1992,male,90,0,0,1,0,0,0,1
TT92,bristol_bay,tanner_crab,1992,male,91,0,0,5,0,0,0,5
TT92,bristol_bay,tanner_crab,1992,male,92,0,0,2,0,0,0,2
TT92,bristol_bay,tanner_crab,1992,male,93,0,0,4,0,0,0,4
TT92,bristol_bay,tanner_crab,1992,male,94,0,0,4,0,0,0,4
TT92,bristol_bay,tanner_crab,1992,male,95,0,0,3,1,0,0,4
TT92,bristol_bay,tanner_crab,1992,male,96,0,0,7,0,0,0,7
TT92,bristol_bay,tanner_crab,1992,male,97,0,0,8,0,0,0,8
TT92,bristol_bay,tanner_crab,1992,male,98,0,0,4,0,0,0,4
TT92,bristol_bay,tanner_crab,1992,male,99,0,0,2,0,0,0,2
TT92,bristol_bay,tanner_crab,1992,male,100,0,0,5,0,0,0,5
TT92,bristol_bay,tanner_crab,1992,male,101,0,0,6,0,0,0,6
TT92,bristol_bay,tanner_crab,1992,male,102,0,0,2,0,0,0,2
TT92,bristol_bay,tanner_crab,1992,male,103,0,0,9,0,0,0,9
TT92,bristol_bay,tanner_crab,1992,male,104,0,0,1,0,0,0,1
TT92,bristol_bay,tanner_crab,1992,male,105,0,0,3,0,0,0,3
TT92,bristol_bay,tanner_crab,1992,male,106,0,0,5,1,0,0,6
TT92,bristol_bay,tanner_crab,1992,male,107,0,0,5,0,0,0,5
TT92,bristol_bay,tanner_crab,1992,male,108,0,0,7,0,0,0,7
TT92,bristol_bay,tanner_crab,1992,male,109,0,0,4,0,0,0,4
TT92,bristol_bay,tanner_crab,1992,male,110,0,0,4,0,0,0,4
TT92,bristol_bay,tanner_crab,1992,male,111,0,0,3,0,0,0,3
TT92,bristol_bay,tanner_crab,1992,male,112,0,0,8,0,0,0,8
TT92,bristol_bay,tanner_crab,1992,male,113,0,0,6,0,0,0,6
TT92,bristol_bay,tanner_crab,1992,male,114,0,0,7,1,0,0,8
TT92,bristol_bay,tanner_crab,1992,male,115,0,0,6,0,0,0,6
TT92,bristol_bay,tanner_crab,1992,male,116,0,0,3,0,0,0,3
TT92,bristol_bay,tanner_crab,1992,male,117,0,0,10,0,0,0,10
TT92,bristol_bay,tanner_crab,1992,male,118,0,0,3,0,0,0,3
TT92,bristol_bay,tanner_crab,1992,male,119,0,0,4,0,0,0,4
TT92,bristol_bay,tanner_crab,1992,male,120,0,0,6,0,0,0,6
TT92,bristol_bay,tanner_crab,1992,male,121,0,0,4,0,0,0,4
TT92,bristol_bay,tanner_crab,1992,male,122,0,0,6,0,0,0,6
TT92,bristol_bay,tanner_crab,1992,male,123,0,0,2,0,0,0,2
TT92,bristol_bay,tanner_crab,1992,male,124,0,0,8,0,0,0,8
TT92,bristol_bay,tanner_crab,1992,male,125,0,0,3,0,0,0,3
TT92,bristol_bay,tanner_crab,1992,male,126,0,0,4,0,0,0,4
TT92,bristol_bay,tanner_crab,1992,male,127,0,0,3,0,0,0,3
TT92,bristol_bay,tanner_crab,1992,male,128,0,0,3,0,0,0,3
TT92,bristol_bay,tanner_crab,1992,male,129,0,0,5,0,0,0,5
TT92,bristol_bay,tanner_crab,1992,male,130,0,0,3,0,0,0,3
TT92,bristol_bay,tanner_crab,1992,male,131,0,0,1,1,0,0,2
TT92,bristol_bay,tanner_crab,1992,male,132,0,0,1,2,0,0,3
TT92,bristol_bay,tanner_crab,1992,male,133,0,0,3,0,0,0,3
TT92,bristol_bay,tanner_crab,1992,male,134,0,0,1,0,0,0,1
TT92,bristol_bay,tanner_crab,1992,male,135,0,0,5,1,0,0,6
TT92,bristol_bay,tanner_crab,1992,male,136,0,0,1,0,0,0,1
TT92,bristol_bay,tanner_crab,1992,male,137,0,0,1,1,0,0,2
TT92,bristol_bay,tanner_crab,1992,male,138,0,0,2,0,0,0,2
TT92,bristol_bay,tanner_crab,1992,male,139,0,0,2,1,0,0,3
TT92,bristol_bay,tanner_crab,1992,male,140,0,0,2,1,0,0,3
TT92,bristol_bay,tanner_crab,1992,male,141,0,0,1,0,0,0,1
TT92,bristol_bay,tanner_crab,1992,male,142,0,0,0,1,0,0,1
TT92,bristol_bay,tanner_crab,1992,male,145,0,0,2,0,0,0,2
TT92,bristol_bay,tanner_crab,1992,male,146,0,0,1,0,0,0,1
TT92,bristol_bay,tanner_crab,1992,male,147,0,0,1,0,0,0,1
TT92,bristol_bay,tanner_crab,1992,male,148,0,0,3,1,0,0,4
TT92,bristol_bay,tanner_crab,1992,male,149,0,0,2,0,0,0,2
TT92,bristol_bay,tanner_crab,1992,male,150,0,0,4,1,0,0,5
TT92,bristol_bay,tanner_crab,1992,male,151,0,0,2,0,0,0,2
TT92,bristol_bay,tanner_crab,1992,male,152,0,0,0,2,0,0,2
TT92,bristol_bay,tanner_crab,1992,male,153,0,0,2,1,0,0,3
TT92,bristol_bay,tanner_crab,1992,male,154,0,0,1,0,0,0,1
TT92,bristol_bay,tanner_crab,1992,male,155,0,0,1,1,0,0,2
TT92,bristol_bay,tanner_crab,1992,male,157,0,0,1,0,1,0,2
TT92,bristol_bay,tanner_crab,1992,male,158,0,0,3,0,0,0,3
TT92,bristol_bay,tanner_crab,1992,male,160,0,0,2,1,0,0,3
TT92,bristol_bay,tanner_crab,1992,male,161,0,0,1,1,0,0,2
TT92,bristol_bay,tanner_crab,1992,male,162,0,0,1,0,0,0,1
TT92,bristol_bay,tanner_crab,1992,male,163,0,0,1,2,0,0,3
TT92,bristol_bay,tanner_crab,1992,male,166,0,0,1,1,0,0,2
TT92,bristol_bay,tanner_crab,1992,male,168,0,0,0,1,0,0,1
TT92,bristol_bay,tanner_crab,1992,male,169,0,0,0,1,0,0,1
TT92,bristol_bay,tanner_crab,1992,male,170,0,0,0,1,0,0,1
TT92,bristol_bay,tanner_crab,1992,male,172,0,0,0,1,0,0,1
TT92,bristol_bay,tanner_crab,1992,male,175,0,0,1,0,0,0,1
TT92,bristol_bay,tanner_crab,1992,female,79,0,0,1,0,0,0,1
TT92,bristol_bay,tanner_crab,1992,female,81,0,0,2,0,0,0,2
TT92,bristol_bay,tanner_crab,1992,female,82,0,0,2,0,0,0,2
TT92,bristol_bay,tanner_crab,1992,female,83,0,0,1,0,0,0,1
TT92,bristol_bay,tanner_crab,1992,female,84,0,0,1,0,0,0,1
TT92,bristol_bay,tanner_crab,1992,female,85,0,0,2,0,0,0,2
TT92,bristol_bay,tanner_crab,1992,female,86,0,0,1,0,0,0,1
TT92,bristol_bay,tanner_crab,1992,female,87,0,0,7,0,0,0,7
TT92,bristol_bay,tanner_crab,1992,female,88,0,0,5,0,0,0,5
TT92,bristol_bay,tanner_crab,1992,female,89,0,0,7,0,0,0,7
TT92,bristol_bay,tanner_crab,1992,female,90,0,0,6,0,0,0,6
TT92,bristol_bay,tanner_crab,1992,female,91,0,0,7,0,0,0,7
TT92,bristol_bay,tanner_crab,1992,female,92,0,0,11,0,0,0,11
TT92,bristol_bay,tanner_crab,1992,female,93,0,0,10,0,0,0,10
TT92,bristol_bay,tanner_crab,1992,female,94,0,0,10,0,0,0,10
TT92,bristol_bay,tanner_crab,1992,female,95,0,0,12,0,0,0,12
TT92,bristol_bay,tanner_crab,1992,female,96,0,0,9,0,0,0,9
TT92,bristol_bay,tanner_crab,1992,female,97,0,0,22,0,0,0,22
TT92,bristol_bay,tanner_crab,1992,female,98,0,0,19,0,0,0,19
TT92,bristol_bay,tanner_crab,1992,female,99,0,0,16,1,0,0,17
TT92,bristol_bay,tanner_crab,1992,female,100,0,0,8,0,0,0,8
TT92,bristol_bay,tanner_crab,1992,female,101,0,0,14,1,0,0,15
TT92,bristol_bay,tanner_crab,1992,female,102,0,0,16,0,0,0,16
TT92,bristol_bay,tanner_crab,1992,female,103,0,0,21,0,0,0,21
TT92,bristol_bay,tanner_crab,1992,female,104,0,0,30,0,0,0,30
TT92,bristol_bay,tanner_crab,1992,female,105,0,0,8,0,0,0,8
TT92,bristol_bay,tanner_crab,1992,female,106,0,0,24,0,0,0,24
TT92,bristol_bay,tanner_crab,1992,female,107,0,0,19,0,0,0,19
TT92,bristol_bay,tanner_crab,1992,female,108,0,0,17,0,0,0,17
TT92,bristol_bay,tanner_crab,1992,female,109,0,0,16,0,0,0,16
TT92,bristol_bay,tanner_crab,1992,female,110,0,0,11,0,0,0,11
TT92,bristol_bay,tanner_crab,1992,female,111,0,0,11,0,0,0,11
TT92,bristol_bay,tanner_crab,1992,female,112,0,0,10,0,0,0,10
TT92,bristol_bay,tanner_crab,1992,female,113,0,0,4,0,0,0,4
TT92,bristol_bay,tanner_crab,1992,female,114,0,0,16,0,0,0,16
TT92,bristol_bay,tanner_crab,1992,female,115,0,0,11,0,0,0,11
TT92,bristol_bay,tanner_crab,1992,female,116,0,0,14,0,0,0,14
TT92,bristol_bay,tanner_crab,1992,female,117,0,0,18,0,0,0,18
TT92,bristol_bay,tanner_crab,1992,female,118,0,0,14,0,0,0,14
TT92,bristol_bay,tanner_crab,1992,female,119,0,0,18,0,0,0,18
TT92,bristol_bay,tanner_crab,1992,female,120,0,0,14,0,0,0,14
TT92,bristol_bay,tanner_crab,1992,female,121,0,0,22,0,0,0,22
TT92,bristol_bay,tanner_crab,1992,female,122,0,0,21,0,0,0,21
TT92,bristol_bay,tanner_crab,1992,female,123,0,0,22,1,0,0,23
TT92,bristol_bay,tanner_crab,1992,female,124,0,0,16,0,0,0,16
TT92,bristol_bay,tanner_crab,1992,female,125,0,0,14,0,0,0,14
TT92,bristol_bay,tanner_crab,1992,female,126,0,0,15,0,0,0,15
TT92,bristol_bay,tanner_crab,1992,female,127,0,0,12,1,0,0,13
TT92,bristol_bay,tanner_crab,1992,female,128,0,0,10,0,0,0,10
TT92,bristol_bay,tanner_crab,1992,female,129,0,0,11,0,0,0,11
TT92,bristol_bay,tanner_crab,1992,female,130,0,0,8,0,0,0,8
TT92,bristol_bay,tanner_crab,1992,female,131,0,0,13,0,0,0,13
TT92,bristol_bay,tanner_crab,1992,female,132,0,0,6,0,0,0,6
TT92,bristol_bay,tanner_crab,1992,female,133,0,0,6,0,0,0,6
TT92,bristol_bay,tanner_crab,1992,female,134,0,0,6,0,0,0,6
TT92,bristol_bay,tanner_crab,1992,female,135,0,0,3,0,0,0,3
TT92,bristol_bay,tanner_crab,1992,female,136,0,0,8,0,0,0,8
TT92,bristol_bay,tanner_crab,1992,female,137,0,0,8,0,0,0,8
TT92,bristol_bay,tanner_crab,1992,female,138,0,0,2,0,0,0,2
TT92,bristol_bay,tanner_crab,1992,female,139,0,0,1,0,0,0,1
TT92,bristol_bay,tanner_crab,1992,female,140,0,0,2,0,0,0,2
TT92,bristol_bay,tanner_crab,1992,female,141,0,0,2,0,0,0,2
TT92,bristol_bay,tanner_crab,1992,female,142,0,0,2,0,0,0,2
TT92,bristol_bay,tanner_crab,1992,female,145,0,0,1,0,0,0,1
TT92,bristol_bay,tanner_crab,1992,female,146,0,0,1,0,0,0,1
TT92,bristol_bay,tanner_crab,1992,female,147,0,0,1,0,0,0,1
TT92,bristol_bay,tanner_crab,1992,female,148,0,0,1,0,0,0,1
TT92,bristol_bay,tanner_crab,1992,female,149,0,0,1,0,0,0,1
TT92,bristol_bay,tanner_crab,1992,female,150,0,0,1,0,0,0,1
TT93,bristol_bay,tanner_crab,1993,male,87,0,0,1,0,0,0,1
TT93,bristol_bay,tanner_crab,1993,male,89,0,0,1,0,0,0,1
TT93,bristol_bay,tanner_crab,1993,male,92,0,0,1,0,0,0,1
TT93,bristol_bay,tanner_crab,1993,male,95,0,0,1,0,0,0,1
TT93,bristol_bay,tanner_crab,1993,male,96,0,0,3,0,0,0,3
TT93,bristol_bay,tanner_crab,1993,male,97,0,0,3,0,0,0,3
TT93,bristol_bay,tanner_crab,1993,male,98,0,0,4,0,0,0,4
TT93,bristol_bay,tanner_crab,1993,male,99,0,0,2,0,0,0,2
TT93,bristol_bay,tanner_crab,1993,male,100,0,0,4,0,0,0,4
TT93,bristol_bay,tanner_crab,1993,male,101,0,0,3,0,0,0,3
TT93,bristol_bay,tanner_crab,1993,male,102,0,0,3,0,0,0,3
TT93,bristol_bay,tanner_crab,1993,male,103,0,0,6,0,0,0,6
TT93,bristol_bay,tanner_crab,1993,male,104,0,0,8,0,0,0,8
TT93,bristol_bay,tanner_crab,1993,male,105,0,0,6,0,0,0,6
TT93,bristol_bay,tanner_crab,1993,male,106,0,0,7,0,0,0,7
TT93,bristol_bay,tanner_crab,1993,male,107,0,0,4,0,0,0,4
TT93,bristol_bay,tanner_crab,1993,male,108,0,0,5,0,0,0,5
TT93,bristol_bay,tanner_crab,1993,male,109,0,0,7,0,0,0,7
TT93,bristol_bay,tanner_crab,1993,male,110,0,0,6,0,0,0,6
TT93,bristol_bay,tanner_crab,1993,male,111,0,0,6,1,0,0,7
TT93,bristol_bay,tanner_crab,1993,male,112,0,0,8,0,0,0,8
TT93,bristol_bay,tanner_crab,1993,male,113,0,0,6,0,0,0,6
TT93,bristol_bay,tanner_crab,1993,male,114,0,0,6,0,0,0,6
TT93,bristol_bay,tanner_crab,1993,male,115,0,0,3,0,0,0,3
TT93,bristol_bay,tanner_crab,1993,male,116,0,0,6,0,0,0,6
TT93,bristol_bay,tanner_crab,1993,male,117,0,0,3,0,0,0,3
TT93,bristol_bay,tanner_crab,1993,male,118,0,0,8,0,0,0,8
TT93,bristol_bay,tanner_crab,1993,male,119,0,0,3,0,0,0,3
TT93,bristol_bay,tanner_crab,1993,male,120,0,0,2,0,0,0,2
TT93,bristol_bay,tanner_crab,1993,male,121,0,0,5,0,0,0,5
TT93,bristol_bay,tanner_crab,1993,male,122,0,0,3,0,0,0,3
TT93,bristol_bay,tanner_crab,1993,male,123,0,0,1,0,0,0,1
TT93,bristol_bay,tanner_crab,1993,male,124,0,0,3,0,0,0,3
TT93,bristol_bay,tanner_crab,1993,male,125,0,0,3,0,0,0,3
TT93,bristol_bay,tanner_crab,1993,male,126,0,0,1,0,0,0,1
TT93,bristol_bay,tanner_crab,1993,male,127,0,0,3,0,0,0,3
TT93,bristol_bay,tanner_crab,1993,male,128,0,0,3,0,0,0,3
TT93,bristol_bay,tanner_crab,1993,male,129,0,0,3,0,0,0,3
TT93,bristol_bay,tanner_crab,1993,male,130,0,0,4,0,0,0,4
TT93,bristol_bay,tanner_crab,1993,male,131,0,0,4,0,0,0,4
TT93,bristol_bay,tanner_crab,1993,male,132,0,0,2,0,0,0,2
TT93,bristol_bay,tanner_crab,1993,male,133,0,0,5,0,0,0,5
TT93,bristol_bay,tanner_crab,1993,male,134,0,0,3,0,0,0,3
TT93,bristol_bay,tanner_crab,1993,male,135,0,0,6,1,0,0,7
TT93,bristol_bay,tanner_crab,1993,male,138,0,0,4,0,0,0,4
TT93,bristol_bay,tanner_crab,1993,male,139,0,0,2,0,0,0,2
TT93,bristol_bay,tanner_crab,1993,male,140,0,0,0,1,0,0,1
TT93,bristol_bay,tanner_crab,1993,male,141,0,0,1,0,0,0,1
TT93,bristol_bay,tanner_crab,1993,male,142,0,0,0,1,0,0,1
TT93,bristol_bay,tanner_crab,1993,male,143,0,0,2,2,0,0,4
TT93,bristol_bay,tanner_crab,1993,male,144,0,0,3,1,0,0,4
TT93,bristol_bay,tanner_crab,1993,male,145,0,0,2,0,0,0,2
TT93,bristol_bay,tanner_crab,1993,male,146,0,0,4,0,0,0,4
TT93,bristol_bay,tanner_crab,1993,male,147,0,0,3,0,0,0,3
TT93,bristol_bay,tanner_crab,1993,male,149,0,0,6,0,0,0,6
TT93,bristol_bay,tanner_crab,1993,male,150,0,0,4,1,0,0,5
TT93,bristol_bay,tanner_crab,1993,male,152,0,0,1,0,0,0,1
TT93,bristol_bay,tanner_crab,1993,male,153,0,0,1,0,0,0,1
TT93,bristol_bay,tanner_crab,1993,male,156,0,0,2,1,0,0,3
TT93,bristol_bay,tanner_crab,1993,male,157,0,0,1,1,0,0,2
TT93,bristol_bay,tanner_crab,1993,male,161,0,0,2,0,0,0,2
TT93,bristol_bay,tanner_crab,1993,male,164,0,0,1,0,0,0,1
TT93,bristol_bay,tanner_crab,1993,male,165,0,0,1,1,0,0,2
TT93,bristol_bay,tanner_crab,1993,male,166,0,0,1,0,0,0,1
TT93,bristol_bay,tanner_crab,1993,male,167,0,0,1,0,0,0,1
TT93,bristol_bay,tanner_crab,1993,male,171,0,0,1,0,0,0,1
TT93,bristol_bay,tanner_crab,1993,male,172,0,0,1,1,0,0,2
TT93,bristol_bay,tanner_crab,1993,male,178,0,0,1,0,0,0,1
TT93,bristol_bay,tanner_crab,1993,female,89,0,0,2,0,0,0,2
TT93,bristol_bay,tanner_crab,1993,female,90,0,0,2,0,0,0,2
TT93,bristol_bay,tanner_crab,1993,female,91,0,0,1,0,0,0,1
TT93,bristol_bay,tanner_crab,1993,female,92,0,0,3,0,0,0,3
TT93,bristol_bay,tanner_crab,1993,female,93,0,0,7,0,0,0,7
TT93,bristol_bay,tanner_crab,1993,female,94,0,0,4,0,0,0,4
TT93,bristol_bay,tanner_crab,1993,female,95,0,0,5,0,0,0,5
TT93,bristol_bay,tanner_crab,1993,female,96,0,0,10,0,0,0,10
TT93,bristol_bay,tanner_crab,1993,female,97,0,0,5,0,0,0,5
TT93,bristol_bay,tanner_crab,1993,female,98,0,0,11,0,0,0,11
TT93,bristol_bay,tanner_crab,1993,female,99,0,0,10,0,0,0,10
TT93,bristol_bay,tanner_crab,1993,female,100,0,0,13,0,0,0,13
TT93,bristol_bay,tanner_crab,1993,female,101,0,0,11,0,0,0,11
TT93,bristol_bay,tanner_crab,1993,female,102,0,0,12,0,0,0,12
TT93,bristol_bay,tanner_crab,1993,female,103,0,0,9,0,0,0,9
TT93,bristol_bay,tanner_crab,1993,female,104,0,0,10,1,0,0,11
TT93,bristol_bay,tanner_crab,1993,female,105,0,0,11,0,0,0,11
TT93,bristol_bay,tanner_crab,1993,female,106,0,0,5,0,0,0,5
TT93,bristol_bay,tanner_crab,1993,female,107,0,0,13,0,0,0,13
TT93,bristol_bay,tanner_crab,1993,female,108,0,0,7,0,0,0,7
TT93,bristol_bay,tanner_crab,1993,female,109,0,0,4,0,0,0,4
TT93,bristol_bay,tanner_crab,1993,female,110,0,0,5,0,0,0,5
TT93,bristol_bay,tanner_crab,1993,female,111,0,0,1,0,0,0,1
TT93,bristol_bay,tanner_crab,1993,female,112,0,0,4,0,0,0,4
TT93,bristol_bay,tanner_crab,1993,female,113,0,0,3,0,0,0,3
TT93,bristol_bay,tanner_crab,1993,female,114,0,0,5,0,0,0,5
TT93,bristol_bay,tanner_crab,1993,female,115,0,0,2,0,0,0,2
TT93,bristol_bay,tanner_crab,1993,female,116,0,0,3,0,0,0,3
TT93,bristol_bay,tanner_crab,1993,female,117,0,0,4,0,0,0,4
TT93,bristol_bay,tanner_crab,1993,female,118,0,0,5,0,0,0,5
TT93,bristol_bay,tanner_crab,1993,female,119,0,0,6,0,0,0,6
TT93,bristol_bay,tanner_crab,1993,female,120,0,0,2,0,0,0,2
TT93,bristol_bay,tanner_crab,1993,female,121,0,0,3,0,0,0,3
TT93,bristol_bay,tanner_crab,1993,female,122,0,0,6,0,0,0,6
TT93,bristol_bay,tanner_crab,1993,female,123,0,0,5,0,0,0,5
TT93,bristol_bay,tanner_crab,1993,female,124,0,0,4,0,0,0,4
TT93,bristol_bay,tanner_crab,1993,female,125,0,0,8,0,0,0,8
TT93,bristol_bay,tanner_crab,1993,female,126,0,0,4,0,0,0,4
TT93,bristol_bay,tanner_crab,1993,female,127,0,0,9,0,0,0,9
TT93,bristol_bay,tanner_crab,1993,female,128,0,0,5,0,0,0,5
TT93,bristol_bay,tanner_crab,1993,female,129,0,0,2,0,0,0,2
TT93,bristol_bay,tanner_crab,1993,female,130,0,0,5,0,0,0,5
TT93,bristol_bay,tanner_crab,1993,female,131,0,0,3,0,0,0,3
TT93,bristol_bay,tanner_crab,1993,female,132,0,0,1,0,0,0,1
TT93,bristol_bay,tanner_crab,1993,female,133,0,0,4,0,0,0,4
TT93,bristol_bay,tanner_crab,1993,female,135,0,0,1,0,0,0,1
TT93,bristol_bay,tanner_crab,1993,female,136,0,0,1,0,0,0,1
TT93,bristol_bay,tanner_crab,1993,female,137,0,0,2,0,0,0,2
TT93,bristol_bay,tanner_crab,1993,female,138,0,0,2,0,0,0,2
TT93,bristol_bay,tanner_crab,1993,female,140,0,0,2,0,0,0,2
TT93,bristol_bay,tanner_crab,1993,female,141,0,0,1,0,0,0,1
TT93,bristol_bay,tanner_crab,1993,female,143,0,0,1,0,0,0,1
TT94,bristol_bay,tanner_crab,1994,male,112,0,0,0,0,0,1,1
TT94,bristol_bay,tanner_crab,1994,male,116,0,0,1,0,0,0,1
TT94,bristol_bay,tanner_crab,1994,male,117,0,0,1,0,0,0,1
TT94,bristol_bay,tanner_crab,1994,male,127,0,0,0,0,0,1,1
TT94,bristol_bay,tanner_crab,1994,male,129,0,0,1,0,0,0,1
TT94,bristol_bay,tanner_crab,1994,male,130,0,0,1,0,0,0,1
TT94,bristol_bay,tanner_crab,1994,male,132,0,0,0,0,0,1,1
TT94,bristol_bay,tanner_crab,1994,male,133,0,0,0,0,0,1,1
TT94,bristol_bay,tanner_crab,1994,male,134,0,0,1,0,0,0,1
TT94,bristol_bay,tanner_crab,1994,male,137,0,0,1,0,0,0,1
TT94,bristol_bay,tanner_crab,1994,male,138,0,0,1,0,0,0,1
TT94,bristol_bay,tanner_crab,1994,male,152,0,0,1,0,0,0,1
TT94,bristol_bay,tanner_crab,1994,male,155,0,0,1,0,0,0,1
TT94,bristol_bay,tanner_crab,1994,male,168,0,0,1,0,0,0,1
TT94,bristol_bay,tanner_crab,1994,male,174,0,0,1,0,0,0,1
TT94,bristol_bay,tanner_crab,1994,male,175,0,0,1,0,0,0,1
TT94,bristol_bay,tanner_crab,1994,female,105,0,0,1,0,0,0,1
