fishery,management_area,target,crab_year,group,total_catch_num,total_catch_t
TR90,bristol_bay,red_king_crab,1990,sublegal,1719207.6857142856,2605.7810184494506
TR90,bristol_bay,red_king_crab,1990,tot_legal,3106210.3928571427,9016.01627715396
TR90,bristol_bay,red_king_crab,1990,female,2657639.8285714285,3196.2212692552434
TR91,bristol_bay,red_king_crab,1991,sublegal,1543525.643382353,2166.830409685746
TR91,bristol_bay,red_king_crab,1991,tot_legal,2659549.0625,7626.1085846425385
TR91,bristol_bay,red_king_crab,1991,female,306195.33088235295,233.93559558825487
TR92,bristol_bay,red_king_crab,1992,sublegal,2322746.396551724,2749.7953234010697
TR92,bristol_bay,red_king_crab,1992,tot_legal,1078290.6206896552,3166.435769776435
TR92,bristol_bay,red_king_crab,1992,female,2309196.4482758623,1976.3220687279047
TR93,bristol_bay,red_king_crab,1993,sublegal,2692511.53046595,3771.5167575047362
TR93,bristol_bay,red_king_crab,1993,tot_legal,2018699.8064516129,5745.327881427871
TR93,bristol_bay,red_king_crab,1993,female,2820617.818996416,3141.4844907697657
TR96,bristol_bay,red_king_crab,1996,sublegal,574436.9761904762,787.0045954426928
TR96,bristol_bay,red_king_crab,1996,tot_legal,1057110.857142857,3058.1632106905013
TR96,bristol_bay,red_king_crab,1996,female,10093.940476190477,5.075971181839787
TR97,bristol_bay,red_king_crab,1997,sublegal,709678.8245033112,940.1340920815661
TR97,bristol_bay,red_king_crab,1997,tot_legal,962575.4221854304,2818.7119787020883
TR97,bristol_bay,red_king_crab,1997,female,141603.99834437086,182.71676929379706
TR98,bristol_bay,red_king_crab,1998,sublegal,4968437.873310811,7437.384345374778
TR98,bristol_bay,red_king_crab,1998,tot_legal,2766860.5185810807,8207.457160411233
TR98,bristol_bay,red_king_crab,1998,female,2519041.560810811,2769.289704983868
TR99,bristol_bay,red_king_crab,1999,sublegal,1026938.6394557824,1778.4757162807828
TR99,bristol_bay,red_king_crab,1999,tot_legal,3608514.93877551,10333.86938087942
TR99,bristol_bay,red_king_crab,1999,female,19544.408163265307,27.990550234303363
TR00,bristol_bay,red_king_crab,2000,sublegal,1460847.949137148,1937.415422309698
TR00,bristol_bay,red_king_crab,2000,tot_legal,1630683.2188919163,4642.327414346071
TR00,bristol_bay,red_king_crab,2000,female,800503.4695731153,821.9370496307231
TR01,bristol_bay,red_king_crab,2001,sublegal,1304249.2818181817,1694.9074072370342
TR01,bristol_bay,red_king_crab,2001,tot_legal,1379716.809090909,4016.5949953646596
TR01,bristol_bay,red_king_crab,2001,female,555254.3606060606,604.0092036639566
TR02,bristol_bay,red_king_crab,2002,sublegal,1577621.6585365855,2276.6917597010774
TR02,bristol_bay,red_king_crab,2002,tot_legal,1626750.3848238483,4684.682272301366
TR02,bristol_bay,red_king_crab,2002,female,70155.82113821138,45.57945983512882
TR03,bristol_bay,red_king_crab,2003,sublegal,3200791.084158416,4147.048457681975
TR03,bristol_bay,red_king_crab,2003,tot_legal,2870097.2772277226,8019.401951416824
TR03,bristol_bay,red_king_crab,2003,female,1727518.8762376236,1784.368461125941
TR04,bristol_bay,red_king_crab,2004,sublegal,2254250.8083989504,2519.8605910569004
TR04,bristol_bay,red_king_crab,2004,tot_legal,2714171.2677165354,8172.158744570221
TR04,bristol_bay,red_king_crab,2004,female,854119.6942257218,859.1660503961228
TR05,bristol_bay,red_king_crab,2005,sublegal,2765531.514824798,3928.770521931505
TR05,bristol_bay,red_king_crab,2005,tot_legal,3178639.9568733154,9687.140963650285
TR05,bristol_bay,red_king_crab,2005,female,1682031.0943396227,2027.083004392137
TR06,bristol_bay,red_king_crab,2006,sublegal,1719941.4841389728,2473.6592333274975
TR06,bristol_bay,red_king_crab,2006,tot_legal,2355018.787764351,6780.317973827585
TR06,bristol_bay,red_king_crab,2006,female,221622.96072507554,187.4034425915522
TR07,bristol_bay,red_king_crab,2007,sublegal,3393278.1627084385,4544.313700216398
TR07,bristol_bay,red_king_crab,2007,tot_legal,3267468.9762506317,9327.616344231616
TR07,bristol_bay,red_king_crab,2007,female,731650.953006569,799.3634954563357
TR08,bristol_bay,red_king_crab,2008,sublegal,3705677.306608884,5547.488710830667
TR08,bristol_bay,red_king_crab,2008,tot_legal,3132814.9507042253,9347.424865753317
TR08,bristol_bay,red_king_crab,2008,female,662312.8759479957,724.1720538491335
TR09,bristol_bay,red_king_crab,2009,sublegal,2968575.67183713,4611.714301385773
TR09,bristol_bay,red_king_crab,2009,tot_legal,2706640.824042656,7607.053466031612
TR09,bristol_bay,red_king_crab,2009,female,350730.24091129424,441.2799772545028
TR10,bristol_bay,red_king_crab,2010,sublegal,2472081.550103306,3881.0122717468034
TR10,bristol_bay,red_king_crab,2010,tot_legal,2258922.807334711,6214.349128461363
TR10,bristol_bay,red_king_crab,2010,female,470492.27944214875,592.5505509106672
TR11,bristol_bay,red_king_crab,2011,sublegal,1250160.9651474531,1886.2441685140875
TR11,bristol_bay,red_king_crab,2011,tot_legal,1386837.8659517427,3779.048108438662
TR11,bristol_bay,red_king_crab,2011,female,118510.59517426272,124.82216904220152
TR12,bristol_bay,red_king_crab,2012,sublegal,575785.2314225053,866.8471627575884
TR12,bristol_bay,red_king_crab,2012,tot_legal,1190000.127388535,3628.638614848007
TR12,bristol_bay,red_king_crab,2012,female,46511.43949044586,55.89742692761717
TR13,bristol_bay,red_king_crab,2013,sublegal,879594.9261939218,1284.7253494193722
TR13,bristol_bay,red_king_crab,2013,tot_legal,1300783.7583212736,4021.0611584183757
TR13,bristol_bay,red_king_crab,2013,female,409457.3039073806,490.7024687761165
TR14,bristol_bay,red_king_crab,2014,sublegal,1147051.6129032257,1798.9723237702801
TR14,bristol_bay,red_king_crab,2014,tot_legal,2082962.1415770608,6314.857116871277
TR14,bristol_bay,red_king_crab,2014,female,275900.67204301077,424.29266111785944
TR15,bristol_bay,red_king_crab,2015,sublegal,816296.9162995595,1242.000747193421
TR15,bristol_bay,red_king_crab,2015,tot_legal,1818193.973568282,5484.797749064057
TR15,bristol_bay,red_king_crab,2015,female,801259.8678414096,1195.5901447824003
TR16,bristol_bay,red_king_crab,2016,sublegal,676982.3399558498,958.1999243018165
TR16,bristol_bay,red_king_crab,2016,tot_legal,1551087.0993377485,4693.597499371734
TR16,bristol_bay,red_king_crab,2016,female,432823.55849889625,617.1591709637379
TR17,bristol_bay,red_king_crab,2017,sublegal,699765.8384074941,904.4485533117
TR17,bristol_bay,red_king_crab,2017,tot_legal,1028230.8793911007,3172.7464047427216
TR17,bristol_bay,red_king_crab,2017,female,233063.36299765809,266.90652117060984
TR18,bristol_bay,red_king_crab,2018,sublegal,799675.5169172932,1023.8024518193456
TR18,bristol_bay,red_king_crab,2018,tot_legal,741134.8214285714,2399.4426519533263
TR18,bristol_bay,red_king_crab,2018,female,591898.1203007519,750.4262495640517
TR19,bristol_bay,red_king_crab,2019,sublegal,688982.3333333334,999.954995055584
TR19,bristol_bay,red_king_crab,2019,tot_legal,673220.1016442452,2144.6690755895534
TR19,bristol_bay,red_king_crab,2019,female,151966.7653213752,218.03856120926963
TR20,bristol_bay,red_king_crab,2020,sublegal,566071.7547169811,780.0553594838324
TR20,bristol_bay,red_king_crab,2020,tot_legal,552176.716981132,1519.6101261121714
TR20,bristol_bay,red_king_crab,2020,female,64575.00628930818,76.08538737820075
TR21,bristol_bay,red_king_crab,2021,sublegal,8114.4000000000005,11.722966713324395
TR21,bristol_bay,red_king_crab,2021,tot_legal,8055.5999999999995,22.109260333191095
TR21,bristol_bay,red_king_crab,2021,female,21065.100000000002,29.4092569925481
TR22,bristol_bay,red_king_crab,2022,sublegal,2823.333333333333,4.517811105780849
TR22,bristol_bay,red_king_crab,2022,tot_legal,8147.333333333333,23.74173017009967
TR22,bristol_bay,red_king_crab,2022,female,3014.916666666667,4.659263486953631
TR23,bristol_bay,red_king_crab,2023,sublegal,NA,NA
TR23,bristol_bay,red_king_crab,2023,tot_legal,NA,NA
TR23,bristol_bay,red_king_crab,2023,female,NA,NA
