year,total_invert,pcod,summer_bt,Mean_AO,mature_male_d95,ph,inshore_run_size,prop_closed_area,prop_empty,bbrkc_northern_ratio,wind_stress,chla
1963,NA,NA,NA,NA,NA,NA,6.8313,NA,NA,NA,NA,NA
1964,NA,NA,NA,NA,NA,NA,10.90086,NA,NA,NA,NA,NA
1965,NA,NA,NA,NA,NA,NA,53.08123,NA,NA,NA,NA,NA
1966,NA,NA,NA,NA,NA,NA,17.49813,NA,NA,NA,NA,NA
1967,NA,NA,NA,NA,NA,NA,10.27502,NA,NA,NA,NA,NA
1968,NA,NA,NA,NA,NA,NA,8.04588,NA,NA,NA,NA,NA
1969,NA,NA,NA,NA,NA,NA,19.17362,NA,NA,NA,NA,NA
1970,NA,NA,NA,NA,NA,NA,39.41545,NA,NA,NA,NA,NA
1971,NA,NA,NA,NA,NA,NA,15.79267,NA,NA,NA,NA,NA
1972,NA,NA,NA,NA,NA,NA,5.37042,NA,NA,NA,NA,NA
1973,NA,NA,NA,NA,NA,NA,2.40113,NA,NA,NA,NA,NA
1974,NA,NA,NA,NA,NA,NA,10.8919,NA,NA,NA,NA,NA
1975,NA,NA,NA,NA,NA,NA,23.81785,NA,NA,NA,NA,NA
1976,NA,NA,NA,NA,NA,NA,11.42612,NA,NA,NA,NA,NA
1977,NA,NA,NA,NA,NA,NA,9.66283,NA,NA,NA,NA,NA
1978,NA,NA,NA,NA,NA,NA,20.18318,NA,NA,NA,NA,NA
1979,NA,NA,NA,-1.248,NA,NA,40.22087,NA,NA,NA,NA,NA
1980,NA,NA,NA,-1.477666667,NA,NA,61.44571,NA,NA,NA,NA,NA
1981,NA,NA,NA,-0.697666667,NA,NA,34.44193,NA,NA,NA,NA,NA
1982,NA,1941.831718,1.795454545,0.388333333,18045,NA,22.47966,34.76774419,0.629782784,0.005058971,NA,NA
1983,NA,2374.842767,3.511851852,-0.338,20451,NA,45.951108,51.7515048,2.514094681,0.008962995,NA,NA
1984,NA,1917.457869,2.97751938,-0.594666667,13634,NA,41.172504,63.71112439,5.725381987,0.002694115,NA,NA
1985,NA,1738.099519,3.073109244,-1.231666667,17243,NA,36.911243,59.56333236,3.801516725,0.003701943,NA,NA
1986,NA,2030.235969,2.16484375,-0.513666667,10827,NA,23.84012,43.8405851,1.356326143,0.010663757,NA,NA
1987,NA,2110.469587,3.693939394,-1.455666667,16842,NA,27.564304,34.74298956,0.381611006,0.006369362,NA,NA
1988,5411.986309,2160.109754,2.702272727,-0.332666667,17644,NA,23.457762,38.55282264,0.480856155,0.014885862,5.34,NA
1989,4830.167721,1505.698817,2.734108527,2.638333333,17243,NA,44.10542,47.48575771,1.200284233,0.010883006,5.47,NA
1990,5446.850939,1090.091163,2.905208333,2.464333333,16842,NA,48.190342,53.09725851,0.243012855,0.011798158,4.29,NA
1991,5846.896702,1218.78207,3.274193548,-0.226666667,10426,NA,41.909192,27.2348681,0,0.011125689,5.56,NA
1992,4872.453352,1434.915318,2.306666667,0.885333333,14035,NA,45.204334,58.05651844,1.823276253,0.01267992,5.52,NA
1993,5565.551937,1874.857196,3.359016393,1.481,13233,8.0367,51.916637,55.57070247,0,0.007319587,5.49,NA
1994,5476.123194,2679.693234,2.471755725,0.243666667,12030,8.0336,50.522592,64.28032699,0,0.019970514,5.06,NA
1995,4626.44625,2436.172351,1.953383459,0.556,11228,8.0301,60.759749,88.85410319,2.773720642,0.041970651,4.93,NA
1996,4423.808252,2330.709884,3.779230769,-0.84,14035,8.025,37.014772,83.83747013,0,0.016598241,6.88,NA
1997,6579.532662,1115.954322,2.847407407,0.841,14035,8.0354,18.899391,56.9206787,0.767965268,0.006646645,4.25,NA
1998,4540.784371,1310.780689,3.835384615,-0.839333333,14837,8.0322,18.526563,54.8186185,0.104712906,0.010128327,5.19,1.54
1999,3597.63882,1206.064282,0.9,-0.3,11228,8.0388,39.885711,47.89262303,0,0.014853533,4.81,1.28
2000,3938.222417,994.2540926,2.215625,0.631666667,16441,8.0171,28.332286,58.21537547,0,0.014995957,5.51,1.17
2001,4439.940651,1605.046959,3.304477612,-1.089333333,16842,8.0028,22.31260918,55.89582572,0,0.011380248,4.24,1.64
2002,5405.497579,904.4191828,3.571111111,1.195666667,14035,8.0114,16.87635231,80.40965305,1.978625096,0.009050639,4.77,2.03
2003,4396.459623,1124.30201,4.066165414,0.196333333,14837,7.9879,24.8890229,37.21687172,0,0.008492955,5.69,1.85
2004,5461.136678,835.8888598,3.77238806,-0.965333333,12431,8.0092,41.89770127,29.17989247,1.170247195,0.007940761,5.33,1.97
2005,5308.752931,725.2599999,4.284615385,-0.754333333,15639,7.9902,39.352245,39.46709571,0,0.009233224,5.27,1.9
2006,5252.632441,633.7446267,2.417910448,-0.643333333,16842,8.0121,42.930997,37.3872611,0.511359034,0.018222939,5.14,1.47
2007,5273.061998,590.7283335,2.122794118,0.636333333,17243,7.9972,44.750563,38.02926257,15.29039914,0.021704217,5.36,1.68
2008,4100.677518,581.6153859,1.633088235,0.781,15639,8.0033,40.418833,41.18273001,4.727289162,0.025684344,4.67,1.66
2009,3728.988878,845.1157862,1.416911765,0.083,12030,7.989,40.435832,46.30399238,4.32977787,0.042160299,4.98,1.7
2010,4316.164657,2040.651939,1.773529412,-2.428333333,12431,7.9934,40.649123,66.76389563,10.1007837,0.050125579,6.34,2.24
2011,4989.812685,1987.764037,2.836764706,0.438666667,13634,7.9927,30.556176,72.87821298,7.085679725,0.02103856,7.24,1.88
2012,5520.996671,1682.492713,1.220588235,0.260333333,14837,7.9981,30.368427,50.80421266,1.93066032,0.044617562,6.02,1.71
2013,5293.610281,1756.969059,2.374264706,-1.600666667,12431,7.9814,24.439331,60.3341052,1.271665263,0.05910882,5.39,1.82
2014,4666.718972,1928.814386,4.148529412,0.093666667,14837,7.969,41.149458,51.29172911,0,0.185907015,6.77,2.13
2015,4635.539144,2070.290222,4.490441176,1.324,15639,7.9788,58.809321,59.04394505,0.172807586,0.031192693,6.05,2.07
2016,5395.3522,1640.757237,5.488235294,-0.397666667,18446,7.9739,51.654253,48.64124365,0,0.021014829,5.93,1.89
2017,6530.882173,1081.217577,2.833823529,0.882333333,20451,7.9989,57.574713,45.21502629,6.567070746,0.042754729,5.59,1.78
2018,4471.236427,915.4902863,4.613235294,-0.369666667,19248,7.9724,62.951884,43.37306588,2.142460984,0.054523226,6.05,1.78
2019,5052.245006,895.8592574,5.105147059,0.850666667,18045,7.9673,56.412533,43.31627316,0.697704579,0.045239649,6.58,1.86
2020,NA,NA,NA,2.825666667,NA,7.992,57.958981,NA,NA,NA,6.04,2.04
2021,5702.043552,921.5780688,3.923529412,-0.522,16441,7.9729,67.621599,43.53766654,6.009179906,0.23373405,6.298776727,2.11
2022,6585.068545,1158.128291,3.103676471,0.899,18045,7.9717,78.952498,46.68665708,0,0.119063508,5.844716161,2.01
2023,5241.518998,1412.376065,3.116911765,0.402,15639,7.9578,53,68.35685993,0,0.087421448,5.384547389,2.28
2024,5373.534375,1306.925922,3.202941176,-0.061666667,19248,7.9657,52.5,67.72028049,0.699488608,0.103761389,6.056341459,2.06
2025,5141.070883,1166.449021,4.069852941,-0.125666667,17644,7.9445,55.96513,60.04552479,3.649983343,0.066661613,6.409407585,2.61
